$MeshFormat
4.1 0 8
$EndMeshFormat
$Entities
67 67 1 0
1 2.2 0.2 0 0
2 1.255741293346428 0.4099999999999999 0 0
3 0.7069848480983498 0.4099999999999999 0 0
4 0.5142872101597527 0.41 0 0
5 0.41 0.41 0 0
6 0.3403175139630528 0.41 0 0
7 0.28698484809835 0.41 0 0
8 0.2417715971497282 0.41 0 0
9 0.2 0.41 0 0
10 0.1582284028502718 0.41 0 0
11 0.1130151519016501 0.41 0 0
12 0.05968248603694737 0.41 0 0
13 0 0.4 0 0
14 0 0.3336357275838598 0 0
15 0 0.2828427124746191 0 0
16 0 0.2397824734759317 0 0
17 0 0.2 0 0
18 0 0.1602175265240684 0 0
19 0 0.117157287525381 0 0
20 0 0.06636427241614032 0 0
21 0 8.326672684688674e-17 0 0
22 0.06636427241614024 0 0 0
23 0.1171572875253808 0 0 0
24 0.1602175265240683 0 0 0
25 0.2 0 0 0
26 0.2397824734759316 0 0 0
27 0.2828427124746191 0 0 0
28 0.3336357275838597 0 0 0
29 0.3999999999999999 0 0 0
30 0.4993211525330978 0 0 0
31 0.6828427124746181 2.775557561562891e-17 0 0
32 1.205467898425167 -2.775557561562891e-17 0 0
33 2.2 0.41 0 0
34 0 0.41 0 0
35 2.2 0 0 0
36 0.25 0.2 0 0
37 0.2490392640201615 0.2097545161008064 0 0
38 0.2461939766255644 0.2191341716182545 0 0
39 0.2415734806151273 0.2277785116509801 0 0
40 0.2353553390593274 0.2353553390593274 0 0
41 0.2277785116509801 0.2415734806151273 0 0
42 0.2191341716182545 0.2461939766255644 0 0
43 0.2097545161008064 0.2490392640201615 0 0
44 0.2 0.25 0 0
45 0.1902454838991936 0.2490392640201615 0 0
46 0.1808658283817455 0.2461939766255644 0 0
47 0.1722214883490199 0.2415734806151273 0 0
48 0.1646446609406726 0.2353553390593274 0 0
49 0.1584265193848727 0.2277785116509801 0 0
50 0.1538060233744357 0.2191341716182545 0 0
51 0.1509607359798385 0.2097545161008064 0 0
52 0.15 0.2 0 0
53 0.1509607359798385 0.1902454838991936 0 0
54 0.1538060233744357 0.1808658283817455 0 0
55 0.1584265193848727 0.1722214883490199 0 0
56 0.1646446609406726 0.1646446609406726 0 0
57 0.1722214883490199 0.1584265193848727 0 0
58 0.1808658283817455 0.1538060233744357 0 0
59 0.1902454838991936 0.1509607359798385 0 0
60 0.2 0.15 0 0
61 0.2097545161008064 0.1509607359798385 0 0
62 0.2191341716182545 0.1538060233744357 0 0
63 0.2277785116509801 0.1584265193848727 0 0
64 0.2353553390593274 0.1646446609406726 0 0
65 0.2415734806151273 0.1722214883490199 0 0
66 0.2461939766255643 0.1808658283817455 0 0
67 0.2490392640201615 0.1902454838991936 0 0
1 2.2 0.2 0 2.2 0.41 0 0 2 1 -33
2 1.255741293346428 0.4099999999999999 0 2.2 0.41 0 0 2 33 -2
3 0.7069848480983498 0.4099999999999999 0 1.255741293346428 0.4099999999999999 0 0 2 2 -3
4 0.5142872101597527 0.4099999999999999 0 0.7069848480983498 0.41 0 0 2 3 -4
5 0.41 0.41 0 0.5142872101597527 0.41 0 0 2 4 -5
6 0.3403175139630528 0.41 0 0.41 0.41 0 0 2 5 -6
7 0.28698484809835 0.41 0 0.3403175139630528 0.41 0 0 2 6 -7
8 0.2417715971497282 0.41 0 0.28698484809835 0.41 0 0 2 7 -8
9 0.2 0.41 0 0.2417715971497282 0.41 0 0 2 8 -9
10 0.1582284028502718 0.41 0 0.2 0.41 0 0 2 9 -10
11 0.1130151519016501 0.41 0 0.1582284028502718 0.41 0 0 2 10 -11
12 0.05968248603694737 0.41 0 0.1130151519016501 0.41 0 0 2 11 -12
13 0 0.41 0 0.05968248603694737 0.41 0 0 2 12 -34
14 0 0.4 0 0 0.41 0 0 2 34 -13
15 0 0.3336357275838598 0 0 0.4 0 0 2 13 -14
16 0 0.2828427124746191 0 0 0.3336357275838598 0 0 2 14 -15
17 0 0.2397824734759317 0 0 0.2828427124746191 0 0 2 15 -16
18 0 0.2 0 0 0.2397824734759317 0 0 2 16 -17
19 0 0.1602175265240684 0 0 0.2 0 0 2 17 -18
20 0 0.117157287525381 0 0 0.1602175265240684 0 0 2 18 -19
21 0 0.06636427241614032 0 0 0.117157287525381 0 0 2 19 -20
22 0 8.326672684688674e-17 0 0 0.06636427241614032 0 0 2 20 -21
23 0 0 0 0.06636427241614024 8.326672684688674e-17 0 0 2 21 -22
24 0.06636427241614024 0 0 0.1171572875253808 0 0 0 2 22 -23
25 0.1171572875253808 0 0 0.1602175265240683 0 0 0 2 23 -24
26 0.1602175265240683 0 0 0.2 0 0 0 2 24 -25
27 0.2 0 0 0.2397824734759316 0 0 0 2 25 -26
28 0.2397824734759316 0 0 0.2828427124746191 0 0 0 2 26 -27
29 0.2828427124746191 0 0 0.3336357275838597 0 0 0 2 27 -28
30 0.3336357275838597 0 0 0.3999999999999999 0 0 0 2 28 -29
31 0.3999999999999999 0 0 0.4993211525330978 0 0 0 2 29 -30
32 0.4993211525330978 0 0 0.6828427124746181 2.775557561562891e-17 0 0 2 30 -31
33 0.6828427124746181 -2.775557561562891e-17 0 1.205467898425167 2.775557561562891e-17 0 0 2 31 -32
34 1.205467898425167 -2.775557561562891e-17 0 2.2 0 0 0 2 32 -35
35 2.2 0 0 2.2 0.2 0 0 2 35 -1
36 0.2490392640201615 0.2 0 0.25 0.2097545161008064 0 0 2 36 -37
37 0.2461939766255644 0.2097545161008064 0 0.2490392640201615 0.2191341716182545 0 0 2 37 -38
38 0.2415734806151273 0.2191341716182545 0 0.2461939766255644 0.2277785116509801 0 0 2 38 -39
39 0.2353553390593274 0.2277785116509801 0 0.2415734806151273 0.2353553390593274 0 0 2 39 -40
40 0.2277785116509801 0.2353553390593274 0 0.2353553390593274 0.2415734806151273 0 0 2 40 -41
41 0.2191341716182545 0.2415734806151273 0 0.2277785116509801 0.2461939766255644 0 0 2 41 -42
42 0.2097545161008064 0.2461939766255644 0 0.2191341716182545 0.2490392640201615 0 0 2 42 -43
43 0.2 0.2490392640201615 0 0.2097545161008064 0.25 0 0 2 43 -44
44 0.1902454838991936 0.2490392640201615 0 0.2 0.25 0 0 2 44 -45
45 0.1808658283817455 0.2461939766255644 0 0.1902454838991936 0.2490392640201615 0 0 2 45 -46
46 0.1722214883490199 0.2415734806151273 0 0.1808658283817455 0.2461939766255644 0 0 2 46 -47
47 0.1646446609406726 0.2353553390593274 0 0.1722214883490199 0.2415734806151273 0 0 2 47 -48
48 0.1584265193848727 0.2277785116509801 0 0.1646446609406726 0.2353553390593274 0 0 2 48 -49
49 0.1538060233744357 0.2191341716182545 0 0.1584265193848727 0.2277785116509801 0 0 2 49 -50
50 0.1509607359798385 0.2097545161008064 0 0.1538060233744357 0.2191341716182545 0 0 2 50 -51
51 0.15 0.2 0 0.1509607359798385 0.2097545161008064 0 0 2 51 -52
52 0.15 0.1902454838991936 0 0.1509607359798385 0.2 0 0 2 52 -53
53 0.1509607359798385 0.1808658283817455 0 0.1538060233744357 0.1902454838991936 0 0 2 53 -54
54 0.1538060233744357 0.1722214883490199 0 0.1584265193848727 0.1808658283817455 0 0 2 54 -55
55 0.1584265193848727 0.1646446609406726 0 0.1646446609406726 0.1722214883490199 0 0 2 55 -56
56 0.1646446609406726 0.1584265193848727 0 0.1722214883490199 0.1646446609406726 0 0 2 56 -57
57 0.1722214883490199 0.1538060233744357 0 0.1808658283817455 0.1584265193848727 0 0 2 57 -58
58 0.1808658283817455 0.1509607359798385 0 0.1902454838991936 0.1538060233744357 0 0 2 58 -59
59 0.1902454838991936 0.15 0 0.2 0.1509607359798385 0 0 2 59 -60
60 0.2 0.15 0 0.2097545161008064 0.1509607359798385 0 0 2 60 -61
61 0.2097545161008064 0.1509607359798385 0 0.2191341716182545 0.1538060233744357 0 0 2 61 -62
62 0.2191341716182545 0.1538060233744357 0 0.2277785116509801 0.1584265193848727 0 0 2 62 -63
63 0.2277785116509801 0.1584265193848727 0 0.2353553390593274 0.1646446609406726 0 0 2 63 -64
64 0.2353553390593274 0.1646446609406726 0 0.2415734806151273 0.1722214883490199 0 0 2 64 -65
65 0.2415734806151273 0.1722214883490199 0 0.2461939766255643 0.1808658283817455 0 0 2 65 -66
66 0.2461939766255643 0.1808658283817455 0 0.2490392640201615 0.1902454838991936 0 0 2 66 -67
67 0.2490392640201615 0.1902454838991936 0 0.25 0.2 0 0 2 67 -36
70 0 -2.775557561562891e-17 0 2.2 0.41 0 0 67 1 2 3 4 5 6 7 8 9 10 11 12 13 14 15 16 17 18 19 20 21 22 23 24 25 26 27 28 29 30 31 32 33 34 35 -67 -66 -65 -64 -63 -62 -61 -60 -59 -58 -57 -56 -55 -54 -53 -52 -51 -50 -49 -48 -47 -46 -45 -44 -43 -42 -41 -40 -39 -38 -37 -36
$EndEntities
$Nodes
135 1255 1 1255
0 1 0 1
1
2.2 0.2 0
0 2 0 1
2
1.255741293346428 0.4099999999999999 0
0 3 0 1
3
0.7069848480983498 0.4099999999999999 0
0 4 0 1
4
0.5142872101597527 0.41 0
0 5 0 1
5
0.41 0.41 0
0 6 0 1
6
0.3403175139630528 0.41 0
0 7 0 1
7
0.28698484809835 0.41 0
0 8 0 1
8
0.2417715971497282 0.41 0
0 9 0 1
9
0.2 0.41 0
0 10 0 1
10
0.1582284028502718 0.41 0
0 11 0 1
11
0.1130151519016501 0.41 0
0 12 0 1
12
0.05968248603694737 0.41 0
0 13 0 1
13
0 0.4 0
0 14 0 1
14
0 0.3336357275838598 0
0 15 0 1
15
0 0.2828427124746191 0
0 16 0 1
16
0 0.2397824734759317 0
0 17 0 1
17
0 0.2 0
0 18 0 1
18
0 0.1602175265240684 0
0 19 0 1
19
0 0.117157287525381 0
0 20 0 1
20
0 0.06636427241614032 0
0 21 0 1
21
0 8.326672684688674e-17 0
0 22 0 1
22
0.06636427241614024 0 0
0 23 0 1
23
0.1171572875253808 0 0
0 24 0 1
24
0.1602175265240683 0 0
0 25 0 1
25
0.2 0 0
0 26 0 1
26
0.2397824734759316 0 0
0 27 0 1
27
0.2828427124746191 0 0
0 28 0 1
28
0.3336357275838597 0 0
0 29 0 1
29
0.3999999999999999 0 0
0 30 0 1
30
0.4993211525330978 0 0
0 31 0 1
31
0.6828427124746181 2.775557561562891e-17 0
0 32 0 1
32
1.205467898425167 -2.775557561562891e-17 0
0 33 0 1
33
2.2 0.41 0
0 34 0 1
34
0 0.41 0
0 35 0 1
35
2.2 0 0
0 36 0 1
36
0.25 0.2 0
0 37 0 1
37
0.2490392640201615 0.2097545161008064 0
0 38 0 1
38
0.2461939766255644 0.2191341716182545 0
0 39 0 1
39
0.2415734806151273 0.2277785116509801 0
0 40 0 1
40
0.2353553390593274 0.2353553390593274 0
0 41 0 1
41
0.2277785116509801 0.2415734806151273 0
0 42 0 1
42
0.2191341716182545 0.2461939766255644 0
0 43 0 1
43
0.2097545161008064 0.2490392640201615 0
0 44 0 1
44
0.2 0.25 0
0 45 0 1
45
0.1902454838991936 0.2490392640201615 0
0 46 0 1
46
0.1808658283817455 0.2461939766255644 0
0 47 0 1
47
0.1722214883490199 0.2415734806151273 0
0 48 0 1
48
0.1646446609406726 0.2353553390593274 0
0 49 0 1
49
0.1584265193848727 0.2277785116509801 0
0 50 0 1
50
0.1538060233744357 0.2191341716182545 0
0 51 0 1
51
0.1509607359798385 0.2097545161008064 0
0 52 0 1
52
0.15 0.2 0
0 53 0 1
53
0.1509607359798385 0.1902454838991936 0
0 54 0 1
54
0.1538060233744357 0.1808658283817455 0
0 55 0 1
55
0.1584265193848727 0.1722214883490199 0
0 56 0 1
56
0.1646446609406726 0.1646446609406726 0
0 57 0 1
57
0.1722214883490199 0.1584265193848727 0
0 58 0 1
58
0.1808658283817455 0.1538060233744357 0
0 59 0 1
59
0.1902454838991936 0.1509607359798385 0
0 60 0 1
60
0.2 0.15 0
0 61 0 1
61
0.2097545161008064 0.1509607359798385 0
0 62 0 1
62
0.2191341716182545 0.1538060233744357 0
0 63 0 1
63
0.2277785116509801 0.1584265193848727 0
0 64 0 1
64
0.2353553390593274 0.1646446609406726 0
0 65 0 1
65
0.2415734806151273 0.1722214883490199 0
0 66 0 1
66
0.2461939766255643 0.1808658283817455 0
0 67 0 1
67
0.2490392640201615 0.1902454838991936 0
1 1 0 5
68
69
70
71
72
2.2 0.2349999999999078 0
2.2 0.269999999999747 0
2.2 0.3049999999996368 0
2.2 0.3399999999997651 0
2.2 0.3749999999998717 0
1 2 0 23
73
74
75
76
77
78
79
80
81
82
83
84
85
86
87
88
89
90
91
92
93
94
95
2.160655887222883 0.41 0
2.121311774445709 0.41 0
2.081967661668564 0.41 0
2.042623548891418 0.41 0
2.003279436114243 0.41 0
1.963935323337214 0.41 0
1.924591210560141 0.41 0
1.885247097783082 0.41 0
1.845902985005907 0.41 0
1.806558872228776 0.41 0
1.767214759451602 0.41 0
1.72787064667447 0.41 0
1.688526533897195 0.4099999999999999 0
1.649182421119789 0.4099999999999999 0
1.609838308342557 0.4099999999999999 0
1.570494195565151 0.4099999999999999 0
1.531150082787832 0.4099999999999999 0
1.491805970010557 0.4099999999999999 0
1.452461857233195 0.4099999999999999 0
1.413117744455862 0.4099999999999999 0
1.373773631678471 0.4099999999999999 0
1.334429518901152 0.4099999999999999 0
1.295085406123746 0.4099999999999999 0
1 3 0 13
96
97
98
99
100
101
102
103
104
105
106
107
108
1.216544404400223 0.4099999999999999 0
1.177347515454062 0.4099999999999999 0
1.138150626507969 0.4099999999999999 0
1.09895373756174 0.4099999999999999 0
1.059756848615579 0.4099999999999999 0
1.020559959669331 0.4099999999999999 0
0.9813630707230179 0.4099999999999999 0
0.9421661817766801 0.4099999999999999 0
0.9029692928303641 0.4099999999999999 0
0.863772403883986 0.4099999999999999 0
0.8245755149374903 0.4099999999999999 0
0.7853786259911122 0.4099999999999999 0
0.7461817370447125 0.4099999999999999 0
1 4 0 4
109
110
111
112
0.6684453205107345 0.4099999999999999 0
0.6299057929231191 0.4099999999999999 0
0.5913662653353737 0.41 0
0.5528267377476196 0.41 0
1 5 0 2
113
114
0.4795248067732877 0.41 0
0.4447624033866601 0.41 0
1 6 0 1
115
0.3751587569816132 0.41 0
1 7 0 1
116
0.3136511810307447 0.41 0
1 8 0 1
117
0.2643782226241258 0.41 0
1 9 0 1
118
0.2208857985748966 0.41 0
1 10 0 1
119
0.1791142014251847 0.41 0
1 11 0 1
120
0.1356217773760233 0.41 0
1 12 0 1
121
0.08634881896937188 0.41 0
1 13 0 1
122
0.02984124301854951 0.41 0
1 14 0 0
1 15 0 1
123
0 0.3668178637920383 0
1 16 0 1
124
0 0.3082392200293045 0
1 17 0 1
125
0 0.2613125929753458 0
1 18 0 0
1 19 0 0
1 20 0 1
126
0 0.138687407024787 0
1 21 0 1
127
0 0.09176077997082027 0
1 22 0 1
128
0 0.03318213620815286 0
1 23 0 1
129
0.03318213620798761 4.163336342354688e-17 0
1 24 0 1
130
0.09176077997076058 0 0
1 25 0 1
131
0.1386874070246812 0 0
1 26 0 0
1 27 0 0
1 28 0 1
132
0.2613125929752049 0 0
1 29 0 1
133
0.3082392200291527 0 0
1 30 0 1
134
0.3668178637918647 0 0
1 31 0 2
135
136
0.4331070508442466 0 0
0.4662141016886053 0 0
1 32 0 4
137
138
139
140
0.5360254645212935 5.551115123109388e-18 0
0.5727297765094935 1.110223024621943e-17 0
0.6094340884977671 1.665334536934063e-17 0
0.6461384004860192 2.220446049245854e-17 0
1 33 0 13
141
142
143
144
145
146
147
148
149
150
151
152
153
0.7201730828995552 2.379049338483564e-17 0
0.7575034533244921 1.982541115404237e-17 0
0.7948338237494632 1.586032892324548e-17 0
0.8321641941744095 1.189524669245122e-17 0
0.8694945645993031 7.93016446166255e-18 0
0.9068249350242648 3.965082230866658e-18 0
0.9441553054491336 8.063021267973826e-29 0
0.9814856758743122 -3.965082230738308e-18 0
1.018816046299398 -7.930164461547367e-18 0
1.056146416724552 -1.189524669236367e-17 0
1.093476787149687 -1.586032892317801e-17 0
1.130807157574804 -1.982541115399037e-17 0
1.168137528000013 -2.37904933848126e-17 0
1 34 0 24
154
155
156
157
158
159
160
161
162
163
164
165
166
167
168
169
170
171
172
173
174
175
176
177
1.245249182487727 -2.664535259101586e-17 0
1.285030466550524 -2.553512956639618e-17 0
1.324811750613528 -2.442490654177073e-17 0
1.364593034676531 -2.331468351714529e-17 0
1.404374318739535 -2.220446049251985e-17 0
1.444155602802538 -2.10942374678944e-17 0
1.483936886865542 -1.998401444326896e-17 0
1.523718170928546 -1.887379141864352e-17 0
1.563499454991549 -1.776356839401807e-17 0
1.603280739054371 -1.665334536939771e-17 0
1.643062023117152 -1.554312234477846e-17 0
1.682843307179934 -1.443289932015921e-17 0
1.72262459124274 -1.332267629553929e-17 0
1.762405875305743 -1.221245327091385e-17 0
1.802187159368912 -1.11022302462838e-17 0
1.841968443432138 -9.992007221652154e-18 0
1.881749727495319 -8.881784197021768e-18 0
1.921531011558323 -7.771561172396314e-18 0
1.961312295621326 -6.661338147770864e-18 0
2.001093579684348 -5.551115123144924e-18 0
2.040874863747596 -4.440892098512651e-18 0
2.080656147810815 -3.330669073881198e-18 0
2.120437431873992 -2.220446049250904e-18 0
2.160218715936996 -1.110223024625453e-18 0
1 35 0 4
178
179
180
181
2.2 0.039999999999912 0
2.2 0.07999999999979171 0
2.2 0.1199999999997885 0
2.2 0.1599999999998948 0
1 36 0 0
1 37 0 0
1 38 0 0
1 39 0 0
1 40 0 0
1 41 0 0
1 42 0 0
1 43 0 0
1 44 0 0
1 45 0 0
1 46 0 0
1 47 0 0
1 48 0 0
1 49 0 0
1 50 0 0
1 51 0 0
1 52 0 0
1 53 0 0
1 54 0 0
1 55 0 0
1 56 0 0
1 57 0 0
1 58 0 0
1 59 0 0
1 60 0 0
1 61 0 0
1 62 0 0
1 63 0 0
1 64 0 0
1 65 0 0
1 66 0 0
1 67 0 0
2 70 0 1074
182
183
184
185
186
187
188
189
190
191
192
193
194
195
196
197
198
199
200
201
202
203
204
205
206
207
208
209
210
211
212
213
214
215
216
217
218
219
220
221
222
223
224
225
226
227
228
229
230
231
232
233
234
235
236
237
238
239
240
241
242
243
244
245
246
247
248
249
250
251
252
253
254
255
256
257
258
259
260
261
262
263
264
265
266
267
268
269
270
271
272
273
274
275
276
277
278
279
280
281
282
283
284
285
286
287
288
289
290
291
292
293
294
295
296
297
298
299
300
301
302
303
304
305
306
307
308
309
310
311
312
313
314
315
316
317
318
319
320
321
322
323
324
325
326
327
328
329
330
331
332
333
334
335
336
337
338
339
340
341
342
343
344
345
346
347
348
349
350
351
352
353
354
355
356
357
358
359
360
361
362
363
364
365
366
367
368
369
370
371
372
373
374
375
376
377
378
379
380
381
382
383
384
385
386
387
388
389
390
391
392
393
394
395
396
397
398
399
400
401
402
403
404
405
406
407
408
409
410
411
412
413
414
415
416
417
418
419
420
421
422
423
424
425
426
427
428
429
430
431
432
433
434
435
436
437
438
439
440
441
442
443
444
445
446
447
448
449
450
451
452
453
454
455
456
457
458
459
460
461
462
463
464
465
466
467
468
469
470
471
472
473
474
475
476
477
478
479
480
481
482
483
484
485
486
487
488
489
490
491
492
493
494
495
496
497
498
499
500
501
502
503
504
505
506
507
508
509
510
511
512
513
514
515
516
517
518
519
520
521
522
523
524
525
526
527
528
529
530
531
532
533
534
535
536
537
538
539
540
541
542
543
544
545
546
547
548
549
550
551
552
553
554
555
556
557
558
559
560
561
562
563
564
565
566
567
568
569
570
571
572
573
574
575
576
577
578
579
580
581
582
583
584
585
586
587
588
589
590
591
592
593
594
595
596
597
598
599
600
601
602
603
604
605
606
607
608
609
610
611
612
613
614
615
616
617
618
619
620
621
622
623
624
625
626
627
628
629
630
631
632
633
634
635
636
637
638
639
640
641
642
643
644
645
646
647
648
649
650
651
652
653
654
655
656
657
658
659
660
661
662
663
664
665
666
667
668
669
670
671
672
673
674
675
676
677
678
679
680
681
682
683
684
685
686
687
688
689
690
691
692
693
694
695
696
697
698
699
700
701
702
703
704
705
706
707
708
709
710
711
712
713
714
715
716
717
718
719
720
721
722
723
724
725
726
727
728
729
730
731
732
733
734
735
736
737
738
739
740
741
742
743
744
745
746
747
748
749
750
751
752
753
754
755
756
757
758
759
760
761
762
763
764
765
766
767
768
769
770
771
772
773
774
775
776
777
778
779
780
781
782
783
784
785
786
787
788
789
790
791
792
793
794
795
796
797
798
799
800
801
802
803
804
805
806
807
808
809
810
811
812
813
814
815
816
817
818
819
820
821
822
823
824
825
826
827
828
829
830
831
832
833
834
835
836
837
838
839
840
841
842
843
844
845
846
847
848
849
850
851
852
853
854
855
856
857
858
859
860
861
862
863
864
865
866
867
868
869
870
871
872
873
874
875
876
877
878
879
880
881
882
883
884
885
886
887
888
889
890
891
892
893
894
895
896
897
898
899
900
901
902
903
904
905
906
907
908
909
910
911
912
913
914
915
916
917
918
919
920
921
922
923
924
925
926
927
928
929
930
931
932
933
934
935
936
937
938
939
940
941
942
943
944
945
946
947
948
949
950
951
952
953
954
955
956
957
958
959
960
961
962
963
964
965
966
967
968
969
970
971
972
973
974
975
976
977
978
979
980
981
982
983
984
985
986
987
988
989
990
991
992
993
994
995
996
997
998
999
1000
1001
1002
1003
1004
1005
1006
1007
1008
1009
1010
1011
1012
1013
1014
1015
1016
1017
1018
1019
1020
1021
1022
1023
1024
1025
1026
1027
1028
1029
1030
1031
1032
1033
1034
1035
1036
1037
1038
1039
1040
1041
1042
1043
1044
1045
1046
1047
1048
1049
1050
1051
1052
1053
1054
1055
1056
1057
1058
1059
1060
1061
1062
1063
1064
1065
1066
1067
1068
1069
1070
1071
1072
1073
1074
1075
1076
1077
1078
1079
1080
1081
1082
1083
1084
1085
1086
1087
1088
1089
1090
1091
1092
1093
1094
1095
1096
1097
1098
1099
1100
1101
1102
1103
1104
1105
1106
1107
1108
1109
1110
1111
1112
1113
1114
1115
1116
1117
1118
1119
1120
1121
1122
1123
1124
1125
1126
1127
1128
1129
1130
1131
1132
1133
1134
1135
1136
1137
1138
1139
1140
1141
1142
1143
1144
1145
1146
1147
1148
1149
1150
1151
1152
1153
1154
1155
1156
1157
1158
1159
1160
1161
1162
1163
1164
1165
1166
1167
1168
1169
1170
1171
1172
1173
1174
1175
1176
1177
1178
1179
1180
1181
1182
1183
1184
1185
1186
1187
1188
1189
1190
1191
1192
1193
1194
1195
1196
1197
1198
1199
1200
1201
1202
1203
1204
1205
1206
1207
1208
1209
1210
1211
1212
1213
1214
1215
1216
1217
1218
1219
1220
1221
1222
1223
1224
1225
1226
1227
1228
1229
1230
1231
1232
1233
1234
1235
1236
1237
1238
1239
1240
1241
1242
1243
1244
1245
1246
1247
1248
1249
1250
1251
1252
1253
1254
1255
0.2580353706442965 0.2062664060228716 0
0.463644852917583 0.3818878379363786 0
0.2449101833993522 0.2369698220721046 0
0.2454377246303714 0.163306322120048 0
0.1623421755474465 0.2442709708024411 0
0.161493051022777 0.1547933088207022 0
0.4177702243809383 0.02379975894506061 0
0.2165581815931511 0.2558805908208424 0
0.193899471245935 0.2578041837832579 0
0.1487286716341108 0.1721237358544329 0
0.1830915649756807 0.1442603597202801 0
0.148842159065969 0.2273432338776737 0
0.2061824618875062 0.1418185755125096 0
0.141226198935952 0.1941754652901067 0
0.2572319762993587 0.1818691373027892 0
0.2281100665986869 0.1486321643224855 0
0.5526464933474805 0.03229182422984931 0
0.6644861431586626 0.0305567920072513 0
1.000150861086855 0.0323290491208074 0
1.112141972362245 0.03232904912083431 0
0.892082902505234 0.0328188464051171 0
0.780204351709208 0.03406031019593325 0
1.226966821001689 0.03270396230825146 0
2.171014827932497 0.2169090983340929 0
1.945856830385068 0.376243575700486 0
1.826230928617341 0.3759269988456445 0
1.707113139157856 0.3786383703946333 0
1.590324273839146 0.377405346954368 0
1.472878854498268 0.37288090108147 0
1.354778309122762 0.3768989704092187 0
0.3564227845297748 0.3838707772256527 0
0.6098591306038754 0.379240054336147 0
0.7271738344653855 0.3719561420777424 0
1.155510730334103 0.3766107881558382 0
0.844033997119594 0.3781261944489858 0
1.039717628488502 0.3777518449760442 0
0.3197541428719741 0.02152189488806104 0
1.421538606342847 0.0336712423106316 0
1.54334060807502 0.03349183219835963 0
1.664808824347821 0.03754188942972319 0
1.777520151298591 0.03621126432571334 0
1.901640369526821 0.03445160259372645 0
0.2741707392989848 0.391889653511287 0
0.09968198543551095 0.3886641831501128 0
0.02115720309023 0.1040147687163051 0
0.02223431505826289 0.295423957559782 0
0.125203578724962 0.0179087094100591 0
0.1674242894080809 0.390582733224536 0
0.2517320868532519 0.01954979222421488 0
2.020984221715971 0.03445160259382693 0
2.063036324143365 0.3758465317837243 0
0.02624657221503091 0.2168004910781023 0
0.1801087632620341 0.02654913154426066 0
2.165009596679919 0.139213849464466 0
0.08218710424017393 0.01938206547880213 0
0.2321586972294672 0.3926993816314627 0
1.302707186689213 0.03318249183702517 0
0.4850610332350649 0.02845288190306311 0
0.5337883203679297 0.3791362933542828 0
0.9647261768320061 0.3774001668800027 0
1.235859999791213 0.3753803794870152 0
0.01863012236403584 0.1478579431496068 0
2.169689110867661 0.2874999999996918 0
2.100090643275958 0.03696523521955904 0
0.02481277302962168 0.348159942699541 0
0.02644184809208859 0.05111162696904392 0
2.139194404560782 0.3753685485528866 0
2.16458240556843 0.06325901645629628 0
0.01860960333779477 0.2515115219833136 0
0.2141349569573717 0.02970277245497556 0
0.1944752854560789 0.05155913845311463 0
0.0467914497108794 0.3834632464675343 0
0.2261102280700028 0.2531968772932025 0
0.2241912478313029 0.263312088855616 0
0.2344238963932997 0.2603170298866981 0
0.2321953653596514 0.2713334128534385 0
0.2438046022299313 0.2675012578532044 0
0.2409347686497036 0.2799024422286738 0
0.2532279827953775 0.2756407804254809 0
0.2286335239672379 0.2831778231048229 0
0.2378322607052246 0.2926370867253358 0
0.2244737515420313 0.2960245710994593 0
0.2344731196196741 0.3059725411176434 0
0.2206618299832925 0.3095926460785592 0
0.2107123614403091 0.2992275430957232 0
0.2066589066039416 0.3130689684431727 0
0.1966690847839297 0.3025095987641845 0
0.192471260345466 0.3165040351304106 0
0.1824135080131022 0.3061806238792089 0
0.1780931298705849 0.3199282315757204 0
0.167648059811667 0.3094362250589136 0
0.1630194437630455 0.3238966864222455 0
0.1522511920897368 0.3124219717410055 0
0.2305804977067506 0.3203270165679621 0
0.2453368332479012 0.3164161241485243 0
0.2029602560417826 0.3272064192176885 0
0.1571297566836266 0.2972230672484246 0
0.1417792160143884 0.2996713601568397 0
0.1365234545943268 0.3158561050050799 0
0.1254647311210175 0.3034253736152131 0
0.1310621330592397 0.2878360063457402 0
0.1147851303938154 0.2908341629673504 0
0.1218811550839809 0.2743414497188512 0
0.1042887276588822 0.2782189406388333 0
0.1099578805706218 0.2620409766020743 0
0.1077485465744015 0.3073603341309354 0
0.09316166025482438 0.2655601084277781 0
0.09893572028534886 0.2489040563502393 0
0.2412580394030793 0.3317013253135666 0
0.2573568061993309 0.3271715548240544 0
0.08786208641253915 0.2815288702763612 0
0.1739216941192449 0.3354228696469108 0
0.1579200677783734 0.3395265856960973 0
0.08153669280446146 0.2525287898384564 0
0.08790447053858866 0.2360015088157699 0
0.1046735690136712 0.232724285826432 0
0.09425581234279708 0.2199261017645061 0
0.2561931591498912 0.2629102698662298 0
0.2665047796040487 0.2716599576069291 0
0.26963833181139 0.2579480110111943 0
0.2808002847778054 0.2678802083947596 0
0.2839810883332803 0.2526777604474406 0
0.2960567250552026 0.2634231552824489 0
0.2992094183492068 0.2473947328584619 0
0.312317794426407 0.2585505454640231 0
0.3159783295293197 0.2410269303919426 0
0.3306569136162549 0.2532469962194906 0
0.3346188849211343 0.233827806651005 0
0.3503134661346707 0.247303046722094 0
0.3547733212425063 0.2261082355172336 0
0.3720397963015875 0.2408306118209726 0
0.3765818672760488 0.2177017505283297 0
0.3592424331920641 0.2039616165174184 0
0.3951348063573655 0.233723435610154 0
0.4001690092505307 0.2089910385180299 0
0.4200475639400011 0.2266852027374745 0
0.4257500595928665 0.1996360962649117 0
0.4468183994843762 0.2190635873771895 0
0.3083942023674565 0.2760250388456678 0
0.4525941056765806 0.1890042748698607 0
0.4747892697591686 0.2089334564912236 0
0.388987956393808 0.2566922560042263 0
0.4810766035902872 0.1782173330807469 0
0.5048661999088953 0.1993767236322919 0
0.3182754057499816 0.2244328921106159 0
0.4299699886704734 0.1707792412014348 0
0.4680110352300785 0.2402763070282644 0
0.5111976070899067 0.1679725338218677 0
0.5360331328395818 0.1895618374158613 0
0.5291191114049898 0.2218232552239111 0
0.5611621167649062 0.2119430538829068 0
0.5681616151076273 0.1786291561269038 0
0.5941097047555919 0.2014457415070827 0
0.6010798045664798 0.1672750603394967 0
0.6276680866520352 0.1905976437757872 0
0.620309573340923 0.2253608870258351 0
0.6544664297949762 0.2144143905686215 0
0.6617802302338617 0.1790610405666553 0
0.689072118209499 0.2030856164245701 0
0.6963261774789435 0.1671925040297074 0
0.7240252355560362 0.191502075586348 0
0.7165501703552608 0.2276800545389481 0
0.7518742301240158 0.2160997696482282 0
0.7592497534506665 0.1795259297099454 0
0.7873762701682371 0.2042639839056722 0
0.7948685964945793 0.167542850800131 0
0.8230693273444184 0.1923218335493478 0
0.5539015433997284 0.2452353776443491 0
0.3455070253150529 0.2681318125593946 0
0.6469475170041735 0.249904136774737 0
0.7796591360173885 0.2412460505497981 0
0.4865441466285938 0.1467523926841626 0
0.8305219327613689 0.1553777735874752 0
0.8589173127624913 0.1802804486203618 0
0.8513928692146568 0.2174079426319311 0
0.8873446809600147 0.2053387500199057 0
0.8948257518783476 0.1681314229195121 0
0.9233060043853706 0.1931758897220545 0
0.8798048841303644 0.2426202249967369 0
0.9307557036419906 0.1559418340287263 0
0.9593463211712915 0.1809743959530259 0
0.9518775970385861 0.218332420242755 0
0.9879598709157448 0.2060835711591893 0
0.9953940093176766 0.1687186368205219 0
1.024036729516211 0.1938069632243494 0
1.031433377309237 0.156433774070919 0
1.060155135744324 0.1814869382763959 0
1.052736268554806 0.2189748997662344 0
1.088906372296935 0.2066274718778025 0
1.096281958954003 0.1691045707753229 0
1.125089037791122 0.1942504036348131 0
1.132419058922729 0.1567117560912325 0
1.161350693967371 0.1818607672105321 0
1.154065623373255 0.2194738990827987 0
1.190434326103089 0.2070684619919497 0
1.081527401499528 0.2442261841553944 0
1.197635113089996 0.1694998425155918 0
1.227264151229392 0.1955079153451393 0
1.21952064714655 0.2325713075582791 0
1.256283689395642 0.2201935750291401 0
1.264021210833651 0.182978707434919 0
1.293096654558571 0.2076123814083775 0
1.300827505203493 0.1702317676349569 0
1.330002848523364 0.194950841747014 0
1.337680356759478 0.1573790825876152 0
1.367012580388231 0.1822161142251292 0
1.359421681827777 0.2204788569193004 0
1.396562687998389 0.2077870237425508 0
1.404030571510809 0.1692102165853452 0
1.433744108570006 0.1949851418186571 0
1.441240389933826 0.156325005298283 0
1.471007058713914 0.1821653284753293 0
1.463460913807608 0.2208300077239305 0
1.500783822316337 0.2080556292299459 0
1.389018815238548 0.2462959947965077 0
1.285542590891432 0.2449742984408183 0
1.508334083125799 0.1693256599140901 0
1.538122206605258 0.1952239175035102 0
1.530566296428945 0.2339811387469762 0
1.567922862623464 0.2211618760654038 0
1.575478777303204 0.1823862348465444 0
1.605298573538473 0.2083378547216933 0
1.612866682542499 0.1695311401845178 0
1.64268213311573 0.1955013561816991 0
1.635106766850809 0.2342970417713982 0
1.672500383285892 0.2214774500626711 0
1.680082324907242 0.1826675673256386 0
1.709907775086678 0.2086580085277984 0
1.717497891341813 0.169837248673525 0
1.747313470584049 0.1958354728265199 0
1.739719289343814 0.2346431076543115 0
1.777136082677744 0.2218316186208159 0
1.784734618674236 0.1830202277652294 0
1.814560245773521 0.2090222801856986 0
1.8221623105491 0.1702053271162939 0
1.851956486798641 0.1962318420389121 0
1.844357077147362 0.235008431552327 0
1.881713277898786 0.2221783785635552 0
1.889319931508303 0.1835128077196884 0
1.918939948042007 0.2093167857508064 0
1.926478394893114 0.170887679911344 0
1.955890361132311 0.1966630382967515 0
1.948345020992319 0.2350022397824333 0
1.985064757702614 0.2220626054780987 0
1.992393318526587 0.1842876836478326 0
2.021487189205206 0.209567360361762 0
2.02883192509941 0.1721139555142969 0
0.9805130501855964 0.243529313221418 0
2.013992051473436 0.2470141388172432 0
0.2769130837157031 0.2844525259691515 0
1.874103905506142 0.2609162093160528 0
2.050024989035688 0.2347633250631932 0
0.5171678089662295 0.1358358890905378 0
1.769556417607156 0.2606181904103534 0
1.99987038583907 0.1465637953296601 0
1.6648954565438 0.2602566519549604 0
0.6688390225625309 0.1432349246498058 0
0.7034957232552117 0.1311867500184086 0
1.273042284834502 0.1404450122466841 0
2.037024630737716 0.1363681815994575 0
0.2849765373427686 0.2361170020459137 0
1.560345733468081 0.2599140297596516 0
0.1254596562226983 0.2579729045049181 0
1.522975998413131 0.2726827919552705 0
1.583033086282828 0.1435530299338059 0
1.896936715308236 0.1448578131846996 0
0.1857498595759355 0.2918095449148355 0
1.687675106918174 0.1438324454106033 0
1.725105244227332 0.1309819080263293 0
0.2532002582379793 0.3434886275151472 0
0.2701452687564743 0.3394512886879942 0
2.042596476754386 0.2715322903117687 0
2.006142090194778 0.28231000318862 0
0.1103431505385535 0.2179517333072812 0
0.100698417915119 0.2054652575541178 0
0.08411551950401162 0.2071676572144402 0
0.09068606930163048 0.1920656435205658 0
0.07347504342732972 0.1938206810183417 0
0.08031562922076935 0.1783000216264273 0
0.09697271747927982 0.1766964867880536 0
0.08701900469639823 0.1631909426859342 0
0.1028530361655381 0.1614676498088881 0
0.09340532594231873 0.1483496923618552 0
0.1115350370678124 0.1478009319327969 0
0.1003359199685031 0.1338094079391839 0
0.1158907979055339 0.1317223878376301 0
0.1064240425357016 0.1184170634526682 0
0.1235438634719703 0.1163170884641661 0
0.1127497839551317 0.1024371458147755 0
0.1301240368682897 0.09927585089573079 0
0.09472116860200765 0.1065541493736624 0
0.08486537484597025 0.1347065592730359 0
0.1191714271064749 0.08351931171949126 0
0.1408747873631108 0.114177009038573 0
0.1473837294079671 0.09727802489646496 0
0.1569552769311444 0.1120689395422185 0
0.1642755500392281 0.09688345894999015 0
0.1539137193318033 0.08393627763263033 0
0.1735681391601089 0.112635817123832 0
0.06945520076461695 0.1643973435373846 0
0.1252068350154206 0.1445418540628489 0
0.1810578026245585 0.09575104233341004 0
0.1905544728932031 0.1086350281820807 0
0.1974104076758345 0.09398804048291751 0
0.2068461795792756 0.1064801231606575 0
0.2136800410546621 0.09255463097902282 0
0.2227002456606602 0.1052775966051573 0
0.2294007691070388 0.0910256478269825 0
0.2384145073594961 0.1038844853224285 0
0.2451307164557527 0.08964508606650372 0
0.2545486315864957 0.1032437076302962 0
0.2614493196028281 0.08785741097226374 0
0.2715628444145742 0.1026492996540916 0
0.2783804921739179 0.08635126228482173 0
0.289570207037846 0.1007012837736532 0
0.2816527022692454 0.1178789810631036 0
0.2998882966943529 0.116043988032307 0
0.3091485159872873 0.09858716486559863 0
0.320350606152605 0.1156505228455306 0
0.2915355054197208 0.1327798091880883 0
0.330366332306532 0.09776318804646623 0
0.3426183283932769 0.1157286258115445 0
0.3532061421667019 0.09606640725526827 0
0.3307054170766907 0.1326933346586106 0
0.366232661835982 0.115252943919084 0
0.2510793708990683 0.0743367385164397 0
0.2477561102389426 0.1170147852715526 0
0.3774383259345019 0.09290595014055097 0
0.3613612950358642 0.07223260595347519 0
2.065193240152487 0.1602057171621354 0
0.2139624552252919 0.2660292867103792 0
1.103684932438128 0.1316191857594348 0
1.139733665327575 0.1192198448050949 0
0.2363780268431144 0.3478510218776428 0
0.8022434921945456 0.1308780872241983 0
1.002712242562193 0.1314602070955731 0
0.837901134334927 0.1184576848054743 0
0.1122085301185334 0.1744730871427803 0
0.3913536741975734 0.1143314388186848 0
0.3827796488682408 0.1396527141790265 0
0.4914187784554943 0.1134560674476653 0
2.07837304293507 0.2595270223460003 0
1.411478815651424 0.1304991808529427 0
1.448771814658208 0.1175701762908345 0
0.4038967869673697 0.09061313925736446 0
0.3217996172347382 0.08135588043806552 0
2.073613816397939 0.1244588350382496 0
0.4184184627334824 0.1132716088030128 0
0.4315661190923603 0.08790297809539321 0
0.2741328096950238 0.1341358246610561 0
0.2834725778773592 0.1484568908519271 0
0.2744316412929996 0.321519922110748 0
0.2884132510366151 0.3348368871871215 0
0.1497751479161054 0.1267037613294768 0
0.5226589922919582 0.1028778079442975 0
0.1696978598346419 0.3516648565133868 0
0.1526823168885238 0.3562120103650173 0
0.1189106228125937 0.2292008503383745 0
0.124756462635765 0.2148971218676761 0
0.2210276523124665 0.07637572300933404 0
1.552768339698285 0.2986334594836705 0
2.071563154002689 0.293667939324413 0
0.07001739413034627 0.2392599456396489 0
0.06297788118694048 0.2569219587459821 0
0.2928239404451998 0.3152408642378526 0
0.3084153218186937 0.3286019025804737 0
0.3031397044690241 0.3501855179190584 0
0.2490312014950498 0.3602719169173827 0
2.085648289259534 0.2225763163378406 0
0.3250482814770527 0.3436405164022877 0
0.3304051388675125 0.3208189851127881 0
0.3486978259270011 0.3370062687975515 0
1.038713991948976 0.1191605480602245 0
0.9022544472523054 0.1309984582975282 0
0.9380988655644432 0.1187967332048162 0
1.836776001019208 0.2737557595752514 0
1.86651952114773 0.2996601650600607 0
1.903781459158584 0.2868536704290169 0
1.732114385934761 0.2734190236481644 0
1.761932287605869 0.2993690091913983 0
1.627515691038451 0.2730576121786191 0
1.657295397980907 0.2989985237471213 0
1.934070345213698 0.1325815567869277 0
1.792351421411785 0.1441762571681216 0
1.829781012034934 0.1313780188048134 0
0.3541024758031113 0.3124861212909172 0
0.373797734995346 0.3297999798906086 0
1.620450448391831 0.130687986365132 0
1.590590843508909 0.1046839784699661 0
1.55321058394407 0.1176194087986209 0
1.352675242474244 0.2580253658197822 0
1.381948655112014 0.2842826829300618 0
1.342770296422076 0.2982666561129978 0
1.418725305569388 0.2720368704420922 0
1.411527910607544 0.3102007268816306 0
1.44837621391119 0.2978999826736061 0
0.9443625802468731 0.2557917899088714 0
0.9730495364734519 0.2811451592917237 0
0.9367901263461486 0.293402481409254 0
1.04527859091194 0.2565622665583628 0
1.074100042709822 0.2819457696435553 0
0.8436588239687816 0.2547223585238035 0
1.110520655650199 0.2695425674021566 0
1.103109362948542 0.307410537013649 0
1.13968769678554 0.2949668092473879 0
0.675879370985168 0.1070584208387954 0
0.710683373220336 0.09505285218256097 0
0.6412315273404884 0.119060171425031 0
0.5215878010158713 0.2551588155037893 0
0.5463648360063852 0.2786857038253039 0
0.5138785379419725 0.2891664615270073 0
1.039277305545455 0.2925460853759984 0
0.8722494637707479 0.2800580825311414 0
0.8359702555395088 0.2922641858081748 0
2.011686290322051 0.1082918329114619 0
0.6126768815436683 0.2601574122911576 0
0.6391134114084708 0.2855528256281137 0
0.6056744109647988 0.2944630626980494 0
0.6742865155084243 0.2746932511993085 0
0.6663775394701303 0.3109402758041068 0
0.7019911257210407 0.3020317792715727 0
0.5747649063535618 0.1441990165438161 0
1.515385936886217 0.3113230737444604 0
0.3007189858954777 0.147778950387223 0
0.292523052913541 0.163332175197634 0
0.3101384639308128 0.1627784773793268 0
0.3012464854460546 0.1780242495612729 0
0.3196245626161583 0.1782917885406945 0
0.2846876940940082 0.1780306990786382 0
0.2926692692898177 0.1923937505554852 0
1.695254662647236 0.1049562843029237 0
0.215291965556304 0.1169301775216013 0
0.2691414018365786 0.1482032215837705 0
0.5391172326546898 0.3156612022295213 0
0.5023198023062638 0.3221880815844231 0
0.4816470386963341 0.2986353775661736 0
1.73271798606067 0.09209390573218457 0
0.1861642223009542 0.347506079505691 0
0.8096950043678561 0.09394209872401232 0
2.112455414351466 0.2470449118434201 0
1.799952679024365 0.1053094108613139 0
1.83743518731228 0.09248727495353748 0
1.904746083440498 0.1065684099623308 0
1.944725446928457 0.09375911177898799 0
1.895956489324504 0.3247896962862368 0
1.93388983017825 0.3112276527634786 0
0.1409566504961365 0.343439887250261 0
0.1347831747495776 0.3606988589889885 0
0.1224081215315446 0.3462526310568518 0
1.619520234963014 0.3107089337252001 0
1.651538435586875 0.3400842160493247 0
0.1821333445948643 0.3639457717093358 0
0.1997070832690037 0.3593323012908205 0
0.06653471689944798 0.2097272313459179 0
0.05547570981431463 0.1959848725312418 0
0.3786506341569642 0.3046785897783058 0
0.400216760556209 0.3218674737394692 0
0.394371250282431 0.3496121244643167 0
0.422135935573407 0.3408761888140714 0
0.4267038863428678 0.312220783445067 0
0.3184208962275898 0.366341117648196 0
0.2773502382643223 0.1900733977308506 0
0.2845270555094257 0.2037838470516986 0
0.845249028041852 0.08158294345528984 0
0.738592903631064 0.1191588324020424 0
0.9096073246202511 0.09396680585054046 0
0.9453460938019355 0.081783427742632 0
1.725287114042348 0.3112426231677133 0
1.755291113276403 0.3369402243909964 0
1.828702439226012 0.311252500971971 0
0.1949303879072289 0.3767299370866238 0
1.628543589285935 0.09332079838649965 0
1.604187102461075 0.06744631234665832 0
0.86561467685504 0.3164304256870328 0
2.100438950075063 0.1480164576259982 0
2.108432507009245 0.1099902546231492 0
1.010156393168374 0.09498162782023298 0
1.046188215330373 0.08264534611345126 0
1.111280005033026 0.0953103111733351 0
1.147434203802187 0.08311654795944408 0
1.175101173059845 0.106918480196449 0
0.4976634248066513 0.08147381854917646 0
0.1863772198383397 0.1211381864780793 0
0.4508356435858703 0.3320289938148554 0
0.7464640491993099 0.08412335797263974 0
0.7225531903904666 0.06127300376655808 0
1.545201927853033 0.3373322477889369 0
0.2309803625582347 0.3644745263967598 0
0.1878408488384728 0.08049325400917001 0
0.6471955995441517 0.08434239203556061 0
0.613886809771805 0.09546570933623139 0
0.6195735368381474 0.06138513438866947 0
0.2580980629884329 0.2503945879160516 0
0.963622309919522 0.3174238265755173 0
0.9286651391954587 0.3300532703339885 0
2.118423319215724 0.2107096951152772 0
0.2597790156010077 0.136557766348105 0
1.419551479228035 0.09353292409320599 0
1.381740556164306 0.1049432890432734 0
1.45703732581423 0.08088624239835229 0
1.48622342927881 0.1050128205240157 0
1.493588161363917 0.06638880328422804 0
0.5861275120494295 0.07543961416591255 0
1.181828433229672 0.07063862528564267 0
1.216095261126206 0.09536676558352131 0
0.462045173401149 0.1258265337778944 0
2.078405502753985 0.08293044047210955 0
0.05184739058437369 0.2401756324711077 0
0.1480312500065809 0.3744683067408058 0
0.1834437436751563 0.2557139720318278 0
0.1871148897101989 0.2667840630057373 0
0.1760146647513043 0.2638597503443728 0
0.1974307329906908 0.2683201296584694 0
0.1800628337686616 0.2746928512338683 0
0.168384048243004 0.2729694905973771 0
0.1642591664275979 0.2619771240373727 0
0.1564815601377363 0.2708247692000399 0
0.1523510434523548 0.2597201008950735 0
0.1440439972197998 0.2684681343750458 0
0.1744117040030783 0.2839483652350295 0
0.1547936498899783 0.2365977231076938 0
0.1442622717102923 0.2365759017456389 0
0.1718695947287875 0.1485124411472196 0
0.162410891134742 0.1452863286246444 0
0.1516930639044484 0.1476767250543914 0
0.1709332614734907 0.1372173807066916 0
0.1442098251728477 0.1820046642680332 0
0.1379239795703822 0.1723964437729185 0
0.1332750444961508 0.1835611630074574 0
0.1291776284859952 0.1946291181539707 0
0.143456224698828 0.1631998889941959 0
0.131888308751041 0.1625819980175762 0
0.1448299149545629 0.2172441572878784 0
0.1388183348747181 0.226166851204277 0
0.1287716010071543 0.3793480478368596 0
0.2373252530164003 0.1552723525126005 0
0.2379692996423043 0.1434084622704842 0
0.2262491983325701 0.1382016990974105 0
0.2471622360944139 0.1522809207946862 0
0.2548012769117087 0.1609634688370962 0
0.2513359064075419 0.2288633378029066 0
0.2560110654782708 0.2184347306222029 0
0.2627001234839559 0.2262628019459838 0
0.2661689902226 0.2148639093716763 0
0.239559519664583 0.2442894305247722 0
0.3292451116316887 0.1626775264291548 0
0.3390906267398034 0.1782327235082651 0
0.3498093031373778 0.1600670367067509 0
0.8298754056858543 0.3270266758931749 0
0.7997690764814661 0.3039268001294085 0
0.7925830092496682 0.3435266326222561 0
0.7646041917896382 0.3165063237834247 0
0.328652138765124 0.1953667612825624 0
0.6952214814895624 0.3408617507143716 0
0.6586384549031978 0.3473451063296295 0
0.1565223058269255 0.03028528961142988 0
0.2579672907550034 0.1942907201847269 0
0.1349681014193455 0.2049571710063019 0
0.2999665102124084 0.2060195400683238 0
0.1463174225083256 0.2830861349545281 0
0.8138690524839404 0.05812082984449468 0
0.03988557493046335 0.259236631203684 0
0.0570016896250853 0.2771020969665722 0
1.700977760421468 0.06609131496048655 0
0.1162529462634911 0.2449886456706692 0
0.1944876186438495 0.1399160023321978 0
0.2018518884945232 0.1315100072762874 0
1.393578564470998 0.06363720818145091 0
1.350117137525148 0.08246101589296506 0
0.02705263614502185 0.1802980295299388 0
1.135881059003545 0.3386524072774311 0
1.168961526645862 0.3204008459947411 0
1.176213419178344 0.282450953420687 0
1.205100975136481 0.3077868233709701 0
1.093524227594567 0.3450393430307777 0
1.441172660166543 0.3383482080273359 0
1.404623708496446 0.3465078735434658 0
0.5290054598478847 0.06478205978641154 0
0.1300715800265546 0.2465455884800006 0
0.1149416128985784 0.2048606092687005 0
0.1079986083942096 0.1911819277476553 0
1.200120528768964 0.3452746124596788 0
0.02332837687968067 0.3223137205323697 0
0.04666018580843881 0.3363602366510966 0
0.04433548160670106 0.3117856653912141 0
0.06597686728565766 0.3240267671209549 0
0.06705773285861844 0.3465387459830674 0
0.08516656796836963 0.3344342402987177 0
0.08483532997909352 0.3520171548943659 0
0.06464224463692481 0.3004120493272733 0
0.02427980160739055 0.07706799334378632 0
0.04670936524531358 0.06456264265077664 0
0.04271026204780994 0.09239091383280493 0
0.03996470828904131 0.1162969743011548 0
0.06399844307091242 0.08183926173656912 0
0.06949944522177451 0.05918758176775452 0
0.08493865014286724 0.07435738921959395 0
0.0908262523992666 0.05311745541289673 0
0.05364401797205207 0.04134187700351571 0
0.05974495865553455 0.1054089292537168 0
0.05672440967567163 0.1270372857108079 0
0.334667898341676 0.2950804049190333 0
0.1335356412127921 0.1307942463837455 0
0.2172185328744817 0.3511648887905492 0
0.2751703588170369 0.2243291346274708 0
0.2758385470167768 0.1641335944240355 0
0.2983885083151414 0.3703201956431335 0
0.2169084350243192 0.1442603597202801 0
0.4155131364723294 0.370514008628732 0
1.1499646865644 0.04029204137895362 0
0.1056676726126687 0.06787619922405094 0
0.1112043506830065 0.04750055714215087 0
0.1243189956624627 0.06165311593413078 0
0.295540966251886 0.02031982557131845 0
0.3065268017155409 0.04056702498522395 0
0.2846330733983534 0.03980474505907726 0
0.3298707717102628 0.04324594665213197 0
0.2944768854042869 0.05902339883492959 0
0.2741691453876196 0.05634830306886351 0
0.2632514957865181 0.03886088406252056 0
0.3466270385088395 0.0237469845788248 0
0.3732059766015017 0.03180645523764684 0
0.1712764214627581 0.2524666788224693 0
0.1328162966202771 0.03921036795985311 0
0.154682265686318 0.0499136601756012 0
0.4162697567157069 0.06562623384976314 0
0.4456163251505865 0.06186843857732952 0
1.236632842110653 0.3318905881806417 0
1.272648403081898 0.3528793048540355 0
1.270381237458107 0.3147207934895575 0
1.304671441288026 0.3330221648563678 0
1.737772392753922 0.05443227628325551 0
0.03803191286421431 0.1374882224655956 0
0.05732987706145259 0.1486083814357164 0
0.2627581460241575 0.1199238188479834 0
0.07683074405271113 0.388165870901174 0
0.2377324957563028 0.1307036527063113 0
0.2703183519710475 0.1786604986476339 0
0.137919177230289 0.1520603842461032 0
0.230675185589828 0.1170212245022127 0
0.2126480952261598 0.3700684293259087 0
0.08545488500502003 0.3130222651504796 0
1.512290515702936 0.3507816949344372 0
0.2450043179185994 0.2547251607793998 0
0.2732246669791455 0.01986247500732249 0
0.2371463840223585 0.03771213994601949 0
0.10494895885245 0.01811816600828186 0
0.4900679528389626 0.2648851852755384 0
0.4594268801830173 0.2741059310216252 0
0.4394307562386984 0.2510134066381342 0
0.4286798233239804 0.2798119421594411 0
0.2897829394229152 0.2193299587591584 0
0.2534117616739758 0.3924386833534124 0
0.4639218378673149 0.09148836532800012 0
0.2008529226376316 0.2892847826090302 0
0.2153159889056128 0.2864627981444401 0
0.2057092798152729 0.2579672907550034 0
0.3609701723686725 0.1791835295110552 0
0.5805073573576035 0.1107154219356321 0
0.4976178567095723 0.380699279104572 0
0.2772175290867163 0.3036872338731432 0
0.2966489830918096 0.2939363905240378 0
0.2624437567933261 0.2955359691669902 0
0.5894909983365042 0.03697125319614892 0
0.5715310776241405 0.3782264761353298 0
0.5894567989010123 0.349256420119695 0
0.2705776506400664 0.2449155374181095 0
2.122742534633974 0.07068356975627503 0
2.060516299551327 0.0431677025248621 0
2.038112897019996 0.07652852234867379 0
2.145016551630776 0.1028789364858605 0
0.6842732493640261 0.3769081442685782 0
0.1505290178149004 0.2476082761657381 0
0.1543420789235588 0.1639953081566621 0
1.302927606115408 0.2969648564992826 0
0.4787854736525378 0.3506947047507475 0
0.4504844327267783 0.03150163789446664 0
0.2609523701386794 0.3753591439404454 0
2.166032559162608 0.1788333333332375 0
0.1185090276797637 0.1622457688769116 0
0.03662238553869185 0.1610669404297523 0
0.01959318169986502 0.1281600598101063 0
1.941053091502216 0.2729147363056666 0
0.2108208261821586 0.3903599808515706 0
0.5527057688228072 0.3493195607608409 0
2.101663529549244 0.3762093833335065 0
2.120926602645515 0.3440877110739032 0
2.159352836639877 0.3426175520416763 0
2.139733661535193 0.3101716975720693 0
1.344297283439702 0.3427771120303736 0
0.1396372155621189 0.2559234063533236 0
1.264590117515396 0.03387856652817085 0
1.28288113013187 0.06738710657343912 0
1.244331555518726 0.06729503858139285 0
1.261262084698914 0.1007269000424515 0
1.304278782731102 0.1019745517543611 0
1.23732203727498 0.1258987810865702 0
2.083038760259249 0.3442352848820991 0
2.044955961000057 0.342268397658159 0
2.024129771898886 0.3750337835859907 0
2.008742045767064 0.3410478229717402 0
1.985132853561383 0.3733317456303419 0
1.966525485994505 0.3367698485460965 0
0.5176402567331184 0.02993755838467181 0
2.107361709964318 0.2828352732236719 0
2.002039377410213 0.06970194027042778 0
1.982449974125238 0.03470259756844681 0
0.7719823977519599 0.2781335026888902 0
1.807562036924484 0.06639246675396367 0
1.841241253889589 0.06014320418593535 0
1.941747852294438 0.0350165953234784 0
0.2511796963759338 0.1719281213377852 0
1.358609124265479 0.0451092859219813 0
2.057389922064521 0.1974013779672345 0
1.911322783850009 0.2478636700245886 0
0.917710572070033 0.05810568872212563 0
0.9491920550509373 0.04398548897996454 0
0.9815163550774392 0.06386671400435046 0
1.876328122190313 0.0732473782373283 0
0.02137293489272293 0.3857048621353359 0
0.7695516847928752 0.3765722811951187 0
1.075087632610032 0.106502525122722 0
1.085491740288592 0.06489016085256336 0
1.052734968711418 0.04493314418573426 0
1.791383341933149 0.3236587666692919 0
1.786528803962794 0.3669200550900394 0
1.342974967907123 0.1210585970228373 0
1.462040795058317 0.03935763134368238 0
0.8496335945833632 0.03816496325122035 0
0.9666728227547879 0.1437449350242359 0
1.001604016365869 0.3766154527320783 0
1.021376566441141 0.3464621421219181 0
1.689833566311913 0.3226950855783415 0
0.8811749232600733 0.06892655844228787 0
1.067592617178157 0.1440067174275763 0
1.581969859834985 0.322994984434826 0
1.79933950476584 0.2863304184967418 0
0.6811435051904241 0.06621929572174778 0
0.8816688043325006 0.3775350994591542 0
0.9240993183840093 0.3704357794249128 0
2.092668122541863 0.1855406094471875 0
2.131735620273886 0.170937447181861 0
0.873796946713401 0.1061370225951594 0
1.702291778226048 0.2474462513778356 0
1.479263005332348 0.326090316789473 0
1.597708409848222 0.2471017916484423 0
1.493181343947661 0.2467109432260251 0
1.85490238352099 0.3427420321913974 0
1.888739157303842 0.3642002947253408 0
0.8663695876171401 0.1432304684709185 0
1.622909812419995 0.03308842356355443 0
1.695286283173296 0.2856763599123561 0
0.9737297942711342 0.1065778030427522 0
1.806954221498471 0.2477611164735314 0
1.589996936264188 0.28552766859235 0
1.669066238065017 0.3774413106898026 0
1.629997941924192 0.3765064171060504 0
1.31161767309891 0.3729546717254127 0
1.429616752152913 0.3766267347000741 0
1.859559108608365 0.1574334636924659 0
1.754923733875857 0.1570025123573631 0
1.426175645049582 0.2335511864987141 0
1.560431238768013 0.07236809539181557 0
1.545676561201342 0.1564555437207826 0
1.65026979490008 0.1566768018051987 0
1.867220209037002 0.118679791843181 0
1.247773706542478 0.25722407882672 0
1.374152974730228 0.1442177467195238 0
1.323363096788448 0.2320075463905593 0
0.04749347149108172 0.3581780123730769 0
1.762536723476205 0.118141252938712 0
1.478576234276242 0.1435040003051129 0
0.6080493103759843 0.1327851505600466 0
1.657943427381276 0.1180687670694504 0
1.45586376197335 0.2593985890344395 0
0.3802413419280107 0.1936503703166674 0
0.3843878324334293 0.1677527280828718 0
0.915820851379917 0.2305164527083122 0
1.769817646732806 0.07891202776950546 0
1.665466962144401 0.07893828614634521 0
1.016600758093336 0.2312837960298252 0
1.485841043410649 0.285684282903879 0
1.515901424487765 0.1306091981225902 0
1.06810806084564 0.3166000416571815 0
0.01945253216481505 0.2710900593496676 0
1.167712037632937 0.1441976254553403 0
1.963219960662911 0.1586547435536614 0
1.11783071027893 0.2318922725644802 0
1.547454526110719 0.3744564241816119 0
0.8155585680055057 0.2291672988563903 0
0.7311684826348225 0.1554136963318816 0
0.8077146656634782 0.2668749417002241 0
0.2257232824013646 0.3348699534500909 0
0.6816811745824672 0.2388073765979986 0
1.523387655100325 0.09173775547291915 0
1.977641290077135 0.2596396265114213 0
0.1203879398724168 0.1855733729605361 0
1.116510623247331 0.3762819721591285 0
2.170630075228919 0.2524015163888491 0
1.146875171062541 0.2572331092339157 0
0.7309833642826843 0.3275750170446404 0
0.9082669587244575 0.2679549432531895 0
1.009371644384098 0.2685823470963811 0
0.7667653771210323 0.1432544307331653 0
0.457302313089811 0.158582673129865 0
0.4319540037241171 0.1379268711323537 0
0.7442147293486334 0.2524109458451748 0
0.6338143617701519 0.3189126381452059 0
0.7812676887300231 0.07012377621372994 0
1.183274834296297 0.2448085863375037 0
0.213561898652634 0.1344977412062394 0
0.774171419207305 0.1069134305449647 0
0.6347746636218967 0.1553356652194704 0
1.744293166620986 0.3746540720470566 0
0.1916628352937183 0.2800555582388481 0
1.972638009598842 0.1223388701050008 0
1.004654945241849 0.310480477026046 0
0.4066402147731479 0.1553584986011865 0
0.9007450451530743 0.3050867720778984 0
0.3545344319178192 0.04781474864927123 0
0.3370949196577655 0.06450339678572689 0
0.5866012963261982 0.2348712568002209 0
1.211895379983029 0.2698751138376814 0
0.08046351072019865 0.09547818226412676 0
0.07670066629878239 0.1183731074917672 0
0.3124296994794529 0.308284911040194 0
0.2518460012362374 0.05510988637153343 0
0.2316057937959564 0.05716477504393096 0
0.3365500850127091 0.2119212282921077 0
0.2842669308320358 0.3542698736471185 0
0.7093287211547713 0.2636314463141278 0
1.970292020496196 0.2957899093439998 0
0.1444860428159667 0.1395604604804705 0
0.1373479072366103 0.0776712682656948 0
0.5422791520520643 0.1571219449910509 0
0.3543178051026682 0.1382620576573459 0
0.09961870218989147 0.08837039626928346 0
0.8054152632555159 0.3779787249123678 0
0.3673027719036729 0.3564113952277946 0
0.3592353127643527 0.2874624053537659 0
0.2066409096055642 0.2757296266292155 0
0.2043345297391941 0.3438522161489536 0
0.1196933074874726 0.3190187552062581 0
0.1027768082205545 0.3249235400220898 0
0.04380080475507849 0.2919564475954133 0
0.3101801072939227 0.1320602955140256 0
0.2297911277653215 0.01819892642417768 0
1.190353404424909 0.03381516428517557 0
0.5789022274526874 0.2684747098165755 0
0.04677072851684384 0.2178548733488282 0
0.2481407665381381 0.3021733067660495 0
0.4980735616929943 0.2317422905258365 0
2.140507582125015 0.2691588998379354 0
0.2983965735521374 0.08054476752587532 0
0.268979628580421 0.2010363379528131 0
0.1664480080547584 0.3694171887798448 0
0.5481697573553819 0.1242993048369128 0
2.139126058281311 0.0333613645409368 0
0.7391846147410016 0.03025959254411127 0
0.2166648228147044 0.3234646388096506 0
0.3864614500283035 0.3800680509244159 0
0.4761951790248286 0.05966903376932731 0
0.2604898512044836 0.3114685968355714 0
0.7371840883414545 0.2900481691579717 0
0.3890915807731626 0.06985347853409682 0
0.4045264077747431 0.1826946621641837 0
0.1896575154028711 0.3317366418708958 0
0.574115160342541 0.3013560467168023 0
0.3095740213476914 0.1927347018703374 0
1.078000490046018 0.378307912394599 0
1.913215905989734 0.06995585687094372 0
0.4040859113028099 0.2953207639175773 0
0.1611307009587114 0.28282198005943 0
0.1633050952698834 0.1253691068109741 0
2.033955671902749 0.3087020599754762 0
0.8939425311570389 0.3415626271986211 0
1.583161217229785 0.03299559090006501 0
0.07770160869814342 0.150114787165735 0
0.4137980448578363 0.2506115201975436 0
0.2043628174499538 0.07950660380384032 0
0.2106760235321206 0.0628258199515512 0
0.2507886578621731 0.2880259683623111 0
0.2201565818157768 0.2743408393829854 0
0.1469618783927315 0.3275985297740134 0
0.06330106322067061 0.1801884953148064 0
1.240841822756661 0.2937733282313889 0
0.3661715865429838 0.2633995669796651 0
0.1162547649517967 0.3648436025886371 0
0.1455039590383649 0.3933807262109926 0
1.376156752047682 0.3216395862448408 0
0.3301531696138423 0.3853477935396937 0
0.2363477924325422 0.07618836284638286 0
0.1885014487530853 0.3928836842147861 0
0.7008476659038925 0.03107829705046501 0
0.09833013486267551 0.2939323416806283 0
0.3011732471701024 0.2319675877696838 0
0.07561993908140663 0.2698764546349221 0
1.504348133256422 0.03160104358109618 0
0.1713489966017925 0.08235385543545001 0
0.1752204311133943 0.06319566313501288 0
0.103662789770473 0.3466424165107779 0
0.3248026943165955 0.2737538190561721 0
0.1256988050813813 0.1734719722963633 0
0.02843873924736651 0.02424906337349697 0
0.2574137719065657 0.2383098111496764 0
0.07709085520732739 0.2228956943450716 0
0.1845763027543518 0.1330128149002457 0
0.3146942615457886 0.06154006920365888 0
0.2917626558015954 0.2771434638032131 0
1.019656855147726 0.05866696736600807 0
0.5156764763863432 0.3524768385860237 0
0.05331817066216683 0.1663302892737977 0
1.706917093729445 0.03011965794774242 0
0.3199106701067093 0.1478434413277195 0
0.2000459049510563 0.1184782957359471 0
1.965579528996475 0.06504709359111802 0
0.2662957159919569 0.3580048568271251 0
0.3410076216131555 0.3621029781401959 0
0.2420290487110837 0.3772525985093079 0
0.6473007117525312 0.3798552121625192 0
1.924278284948267 0.3474283538738674 0
0.6287192446981658 0.02895088997725891 0
1.194660500003681 0.3793567949901356 0
0.2954205338324034 0.3920777132676326 0
0.5521310417538681 0.09148566635043892 0
1.321937393917358 0.05963792902265048 0
1.201845478663372 0.1320690420519704 0
0.1724270123845843 0.2967363480591233 0
1.817413806680785 0.03175884398693474 0
0.03373411322706144 0.1987258270663166 0
0.3838246004961593 0.2801350819004466 0
0.4446853981042595 0.3598856135824471 0
2.143370499269297 0.2327242296985415 0
0.2663694971740306 0.1891860183637628 0
0.4538579522555388 0.3036046481321891 0
1.31176077948714 0.1382178022492909 0
0.2666030455306634 0.07179700581760426 0
0.0568439863083575 0.02063572463194715 0
1.235209987043607 0.1604324437567802 0
0.9863504507025528 0.3454656672176555 0
1.391457297141416 0.3785990599343685 0
2.130126645133778 0.134207389076267 0
2.099092718492816 0.3164121608039805 0
0.1344854760037935 0.2363948129877365 0
1.277817754369897 0.2789434815826384 0
1.607432234462659 0.3466972756668856 0
0.9219931540199203 0.02698200482144145 0
0.1302780549808921 0.3309377602063274 0
1.120594374285526 0.06341683241350035 0
1.079998377047299 0.02843047083182638 0
1.719347847927789 0.346117661313674 0
1.316757522687418 0.2671226667289561 0
0.1355612318095292 0.2757866932379039 0
1.511115989822062 0.3836238040395037 0
1.859268138585144 0.3795682908803614 0
0.8141410033400768 0.02606922065832966 0
0.1552206428319099 0.06848761744222295 0
0.1744238571838703 0.04375683531157688 0
0.2482534988410687 0.1397304569388095 0
1.390469349994225 0.03005166865420676 0
0.09260943445019298 0.1223720575060636 0
0.1798874957436036 0.3787118630030253 0
1.81890001044236 0.3437962785701666 0
0.5581393366213196 0.06249300422187164 0
0.5030872091482768 0.05377696998060173 0
0.2626369037697833 0.1694819853706763 0
1.864338207224481 0.03188496180045835 0
0.04491734643465454 0.1804324090243089 0
0.3155770885515658 0.2068126323666361 0
0.07034695774186585 0.3664880207314167 0
0.08149379502434972 0.2949024859978251 0
0.8583148168641269 0.3497087125449913 0
0.09717553089648873 0.03596578737947458 0
0.315926877323206 0.2900081138634217 0
0.07271128616992625 0.2850079663302458 0
0.06245221706766784 0.2259826754301148 0
2.173755121808545 0.3170578499225678 0
0.07574628821001782 0.04007242199049173 0
2.170412953334753 0.3704364817155339 0
0.3995893317507898 0.0444396960549831 0
1.056637420820489 0.3476742474763308 0
0.3673530635858975 0.1565219193705581 0
0.1162498879068585 0.03159268691134982 0
0.2172165721169899 0.0470796444358708 0
1.213461301877037 0.06230898732681765 0
0.4062292008593124 0.1321082263068528 0
0.07014787409806374 0.1364457247126439 0
1.275413349735087 0.3851051499278941 0
0.2826187888773893 0.07078741792085681 0
0.4746476764512379 0.3230929732266385 0
0.1950259562211772 0.0670865939905473 0
0.4415811193636848 0.1112832714273308 0
0.2220588786212253 0.1270906571866676 0
0.1598825524723987 0.253555432539032 0
1.524939732650914 0.05981746393456362 0
1.637940889340701 0.06203854102784392 0
0.09397473999911875 0.3685925564074717 0
0.1243184646388367 0.3964346696147518 0
0.6251913790260764 0.3503416840740695 0
0.1359838506316398 0.2155752379810259 0
0.2486676341831628 0.2453325333093193 0
1.029111713652027 0.02749690573139831 0
0.1571005837524394 0.1369689605011081 0
2.170739242238509 0.02931888088892369 0
0.4357211581761663 0.3864574920295115 0
1.374262670049602 0.3532845204324535 0
0.7569792169160503 0.3472272793446364 0
0.3051835608746754 0.2183108879198593 0
0.4053109606297821 0.2730636053985822 0
0.7560331331481347 0.0559121533087439 0
2.147191776762159 0.2001212566716743 0
1.914138674781185 0.3812498915514378 0
0.2508612975984438 0.128557602104017 0
0.2256398991710953 0.3782719388163848 0
0.1440061195600071 0.205514915863948 0
0.2771277521404487 0.2130177076836963 0
0.9534926790067098 0.3481557420864154 0
0.1402462372209518 0.2454596713742458 0
0.1757520036992349 0.1258746612039645 0
0.3755565232158275 0.05322939688589463 0
0.6485663820600294 0.05493952122807585 0
2.176947248413219 0.0999999999997901 0
0.193379387820229 0.1278230901458877 0
1.571242660627739 0.3524837557315438 0
0.2638842334246835 0.158045568484234 0
1.74251523327424 0.02289507998463046 0
1.996500335030292 0.311877588748716 0
1.430201453322104 0.06388267370359695 0
0.205935844409205 0.2670115834382669 0
0.1251242694708993 0.2031842154772766 0
0.2125366588789915 0.3350754674977272 0
1.979333730651208 0.09182776973139931 0
1.169415572114374 0.3494486261399873 0
0.2800443548809845 0.3744052711482653 0
1.687707470691984 0.3533384067694284 0
0.3110129450456384 0.3841424607658114 0
0.01547275876895076 0.2295623534861672 0
0.0329584419350101 0.2369598782994733 0
0.97318133974017 0.02634721011635879 0
0.1157638163981874 0.333555020600461 0
0.2420995973562233 0.06497646270996557 0
1.333031002161336 0.02771312215613117 0
0.2088425278397133 0.1251894480862306 0
0.1352869240686171 0.141739236293292 0
0.345003249461568 0.1934391647522324 0
0.03023198173418575 0.3682432004171071 0
2.047838527244018 0.1065768209096039 0
0.1258445590363461 0.1545630327602492 0
0.1345014511763 0.2652017407953545 0
0.1493033458600915 0.1569887659809492 0
0.1296145805003402 0.2267828501603973 0
0.1829718081603484 0.2826265799056453 0
0.03616401002839396 0.2772147251176471 0
0.4285209557101227 0.04638966761152825 0
0.2571702771182434 0.1492969004977836 0
0.5705803828112775 0.3278199384758764 0
0.0160520290727659 0.1678624505448651 0
0.2705318202873327 0.2337840867162927 0
0.125028004962165 0.2380249928640472 0
0.1195041575798522 0.1952247868147203 0
0.3914766793050188 0.02000918204753811 0
0.3404950020533266 0.08277552848637496 0
2.064609358475099 0.3230240808619592 0
0.2620622282539509 0.2826727633535998 0
0.3378643191408773 0.1487938623435813 0
0.1671530151519505 0.01552982610681996 0
0.1967265724960575 0.03310792036663308 0
0.8244136709535896 0.3567499428753571 0
1.038814676734017 0.3221102518160605 0
0.1408772216075156 0.05938720595550058 0
0.2344918821913221 0.2512520016140352 0
0.1442305741648957 0.01565289153516518 0
1.941317183552276 0.06594466439113203 0
0.6012609139053056 0.3234854971480702 0
$EndNodes
$Elements
135 2577 1 2577
0 1 15 1
1 1
0 2 15 1
2 2
0 3 15 1
3 3
0 4 15 1
4 4
0 5 15 1
5 5
0 6 15 1
6 6
0 7 15 1
7 7
0 8 15 1
8 8
0 9 15 1
9 9
0 10 15 1
10 10
0 11 15 1
11 11
0 12 15 1
12 12
0 13 15 1
13 13
0 14 15 1
14 14
0 15 15 1
15 15
0 16 15 1
16 16
0 17 15 1
17 17
0 18 15 1
18 18
0 19 15 1
19 19
0 20 15 1
20 20
0 21 15 1
21 21
0 22 15 1
22 22
0 23 15 1
23 23
0 24 15 1
24 24
0 25 15 1
25 25
0 26 15 1
26 26
0 27 15 1
27 27
0 28 15 1
28 28
0 29 15 1
29 29
0 30 15 1
30 30
0 31 15 1
31 31
0 32 15 1
32 32
0 33 15 1
33 33
0 34 15 1
34 34
0 35 15 1
35 35
0 36 15 1
36 36
0 37 15 1
37 37
0 38 15 1
38 38
0 39 15 1
39 39
0 40 15 1
40 40
0 41 15 1
41 41
0 42 15 1
42 42
0 43 15 1
43 43
0 44 15 1
44 44
0 45 15 1
45 45
0 46 15 1
46 46
0 47 15 1
47 47
0 48 15 1
48 48
0 49 15 1
49 49
0 50 15 1
50 50
0 51 15 1
51 51
0 52 15 1
52 52
0 53 15 1
53 53
0 54 15 1
54 54
0 55 15 1
55 55
0 56 15 1
56 56
0 57 15 1
57 57
0 58 15 1
58 58
0 59 15 1
59 59
0 60 15 1
60 60
0 61 15 1
61 61
0 62 15 1
62 62
0 63 15 1
63 63
0 64 15 1
64 64
0 65 15 1
65 65
0 66 15 1
66 66
0 67 15 1
67 67
1 1 1 6
68 1 68
69 68 69
70 69 70
71 70 71
72 71 72
73 72 33
1 2 1 24
74 33 73
75 73 74
76 74 75
77 75 76
78 76 77
79 77 78
80 78 79
81 79 80
82 80 81
83 81 82
84 82 83
85 83 84
86 84 85
87 85 86
88 86 87
89 87 88
90 88 89
91 89 90
92 90 91
93 91 92
94 92 93
95 93 94
96 94 95
97 95 2
1 3 1 14
98 2 96
99 96 97
100 97 98
101 98 99
102 99 100
103 100 101
104 101 102
105 102 103
106 103 104
107 104 105
108 105 106
109 106 107
110 107 108
111 108 3
1 4 1 5
112 3 109
113 109 110
114 110 111
115 111 112
116 112 4
1 5 1 3
117 4 113
118 113 114
119 114 5
1 6 1 2
120 5 115
121 115 6
1 7 1 2
122 6 116
123 116 7
1 8 1 2
124 7 117
125 117 8
1 9 1 2
126 8 118
127 118 9
1 10 1 2
128 9 119
129 119 10
1 11 1 2
130 10 120
131 120 11
1 12 1 2
132 11 121
133 121 12
1 13 1 2
134 12 122
135 122 34
1 14 1 1
136 34 13
1 15 1 2
137 13 123
138 123 14
1 16 1 2
139 14 124
140 124 15
1 17 1 2
141 15 125
142 125 16
1 18 1 1
143 16 17
1 19 1 1
144 17 18
1 20 1 2
145 18 126
146 126 19
1 21 1 2
147 19 127
148 127 20
1 22 1 2
149 20 128
150 128 21
1 23 1 2
151 21 129
152 129 22
1 24 1 2
153 22 130
154 130 23
1 25 1 2
155 23 131
156 131 24
1 26 1 1
157 24 25
1 27 1 1
158 25 26
1 28 1 2
159 26 132
160 132 27
1 29 1 2
161 27 133
162 133 28
1 30 1 2
163 28 134
164 134 29
1 31 1 3
165 29 135
166 135 136
167 136 30
1 32 1 5
168 30 137
169 137 138
170 138 139
171 139 140
172 140 31
1 33 1 14
173 31 141
174 141 142
175 142 143
176 143 144
177 144 145
178 145 146
179 146 147
180 147 148
181 148 149
182 149 150
183 150 151
184 151 152
185 152 153
186 153 32
1 34 1 25
187 32 154
188 154 155
189 155 156
190 156 157
191 157 158
192 158 159
193 159 160
194 160 161
195 161 162
196 162 163
197 163 164
198 164 165
199 165 166
200 166 167
201 167 168
202 168 169
203 169 170
204 170 171
205 171 172
206 172 173
207 173 174
208 174 175
209 175 176
210 176 177
211 177 35
1 35 1 5
212 35 178
213 178 179
214 179 180
215 180 181
216 181 1
1 36 1 1
217 36 37
1 37 1 1
218 37 38
1 38 1 1
219 38 39
1 39 1 1
220 39 40
1 40 1 1
221 40 41
1 41 1 1
222 41 42
1 42 1 1
223 42 43
1 43 1 1
224 43 44
1 44 1 1
225 44 45
1 45 1 1
226 45 46
1 46 1 1
227 46 47
1 47 1 1
228 47 48
1 48 1 1
229 48 49
1 49 1 1
230 49 50
1 50 1 1
231 50 51
1 51 1 1
232 51 52
1 52 1 1
233 52 53
1 53 1 1
234 53 54
1 54 1 1
235 54 55
1 55 1 1
236 55 56
1 56 1 1
237 56 57
1 57 1 1
238 57 58
1 58 1 1
239 58 59
1 59 1 1
240 59 60
1 60 1 1
241 60 61
1 61 1 1
242 61 62
1 62 1 1
243 62 63
1 63 1 1
244 63 64
1 64 1 1
245 64 65
1 65 1 1
246 65 66
1 66 1 1
247 66 67
1 67 1 1
248 67 36
2 70 2 2329
249 210 757 926
250 982 602 1045
251 16 17 1218
252 1081 1080 1138
253 278 279 741
254 17 18 1238
255 716 225 1069
256 72 33 1160
257 192 707 1088
258 144 145 910
259 805 228 1253
260 229 690 1037
261 251 827 1165
262 476 471 1015
263 877 750 908
264 152 153 791
265 279 282 741
266 174 175 850
267 574 812 856
268 1022 512 1064
269 812 574 871
270 614 787 1206
271 1035 799 1089
272 24 25 1247
273 764 227 766
274 806 1081 1138
275 1005 778 1018
276 198 759 885
277 1031 689 1219
278 774 773 776
279 827 251 1028
280 750 877 1107
281 245 688 850
282 82 83 907
283 1086 724 1239
284 461 519 762
285 444 286 746
286 37 182 723
287 122 13 901
288 201 152 791
289 33 73 1160
290 278 1054 1109
291 944 220 1058
292 958 521 999
293 686 875 876
294 766 227 1026
295 1080 479 1138
296 688 245 849
297 689 1031 1157
298 472 1005 1018
299 527 1035 1089
300 492 494 816
301 686 876 878
302 444 746 760
303 541 1009 1073
304 474 792 794
305 824 210 926
306 482 467 784
307 744 771 1026
308 223 900 1148
309 440 876 877
310 522 687 835
311 128 21 1085
312 848 1086 1239
313 735 214 853
314 848 674 1086
315 837 1022 1064
316 225 716 1179
317 724 723 725
318 737 805 1253
319 508 492 816
320 733 982 1045
321 616 615 1092
322 772 773 774
323 752 215 979
324 801 230 826
325 708 195 710
326 817 1151 1178
327 214 735 982
328 615 866 1092
329 521 958 1163
330 1082 1069 1178
331 690 229 1070
332 207 82 907
333 235 860 923
334 707 705 1184
335 1055 707 1184
336 287 823 1076
337 231 850 851
338 1036 644 1197
339 1009 541 1062
340 144 910 1137
341 350 783 1083
342 440 877 1117
343 1151 770 1178
344 221 745 961
345 328 830 831
346 634 785 822
347 231 174 850
348 13 123 901
349 458 461 762
350 805 737 806
351 1069 225 1178
352 175 245 850
353 21 129 1085
354 900 223 1052
355 774 776 781
356 810 812 939
357 328 829 830
358 231 851 887
359 842 431 843
360 654 944 1058
361 643 644 1036
362 614 532 787
363 818 719 1174
364 808 858 1043
365 725 1036 1197
366 821 818 1174
367 474 794 1015
368 1110 169 1148
369 235 923 1123
370 710 195 711
371 237 118 865
372 230 801 827
373 225 817 1178
374 719 789 992
375 724 725 786
376 692 694 996
377 706 820 1014
378 192 704 707
379 226 127 772
380 610 643 819
381 124 227 764
382 1081 806 1139
383 471 474 1015
384 226 772 774
385 57 187 704
386 735 602 982
387 891 1110 1148
388 664 1096 1204
389 693 697 804
390 757 210 940
391 233 1031 1219
392 508 818 821
393 1023 619 1048
394 481 815 1059
395 762 519 978
396 844 842 1044
397 145 202 910
398 714 1181 1196
399 467 469 784
400 819 643 1115
401 494 497 816
402 849 249 852
403 442 786 833
404 663 522 835
405 286 289 746
406 249 849 1039
407 242 763 809
408 771 744 1156
409 824 668 970
410 507 1008 1118
411 858 239 1043
412 20 247 772
413 790 5 1042
414 246 14 764
415 812 871 939
416 770 1082 1178
417 1088 707 1200
418 479 476 1015
419 203 742 990
420 723 182 725
421 123 14 246
422 20 128 247
423 759 198 1145
424 785 669 822
425 745 221 1094
426 1008 800 1118
427 201 904 1131
428 813 222 960
429 278 741 1054
430 215 752 1214
431 277 1023 1048
432 827 1009 1165
433 820 706 1231
434 212 1072 1099
435 695 692 996
436 904 201 1130
437 810 939 1169
438 919 199 1075
439 694 190 838
440 38 37 723
441 482 784 1225
442 781 776 1005
443 782 1006 1168
444 824 970 1135
445 590 829 1033
446 742 203 1137
447 251 25 1028
448 907 83 995
449 207 929 1136
450 702 186 854
451 691 693 804
452 378 1108 1120
453 1126 397 1133
454 771 766 1026
455 676 921 1057
456 187 855 1231
457 751 17 1238
458 1072 642 1099
459 791 153 1029
460 929 207 1144
461 861 465 1229
462 843 431 1090
463 829 328 1033
464 28 134 802
465 250 743 966
466 641 832 1116
467 716 1070 1179
468 17 233 1218
469 871 211 939
470 823 287 1025
471 448 701 1233
472 59 192 747
473 1006 473 1168
474 1181 739 1196
475 198 845 1145
476 783 350 1021
477 885 759 1146
478 751 862 1149
479 704 187 705
480 741 282 1134
481 253 951 1151
482 127 20 772
483 14 124 764
484 465 482 1229
485 996 694 1022
486 870 886 1034
487 862 1093 1149
488 785 634 1023
489 717 718 720
490 317 319 831
491 900 891 1148
492 763 242 1104
493 782 781 1006
494 230 132 826
495 835 687 1173
496 301 674 848
497 431 842 844
498 159 160 909
499 630 1069 1082
500 1096 613 1224
501 817 253 1151
502 63 197 717
503 226 775 863
504 53 195 708
505 531 532 614
506 1032 844 1044
507 792 474 1018
508 475 477 535
509 490 508 821
510 539 455 540
511 5 115 1042
512 856 1126 1133
513 237 865 1195
514 19 226 863
515 225 121 817
516 8 237 834
517 701 448 1109
518 610 611 643
519 869 71 1160
520 480 484 664
521 845 684 1145
522 814 243 863
523 776 778 1005
524 222 890 960
525 320 843 1090
526 229 1037 1143
527 226 774 775
528 857 616 1092
529 198 138 845
530 5 790 1186
531 773 247 780
532 118 9 865
533 23 228 828
534 606 610 787
535 802 134 803
536 999 521 1167
537 297 455 539
538 894 750 1107
539 444 760 872
540 797 801 826
541 532 606 787
542 258 256 825
543 795 218 796
544 854 699 872
545 804 697 1175
546 1108 878 1120
547 819 196 1147
548 233 17 1111
549 832 830 1116
550 115 6 212
551 706 187 1231
552 319 328 831
553 138 139 845
554 27 795 826
555 694 838 1210
556 86 87 938
557 664 484 1096
558 842 533 1044
559 716 690 1070
560 186 804 1175
561 469 475 784
562 531 614 678
563 767 771 823
564 756 752 979
565 261 837 1064
566 326 307 1077
567 883 206 884
568 898 147 1220
569 884 206 1102
570 27 133 795
571 778 792 1018
572 1 205 860
573 129 22 1119
574 884 627 1013
575 787 610 819
576 519 861 1084
577 181 1 860
578 12 253 817
579 854 186 1175
580 212 6 1072
581 795 797 826
582 806 737 1139
583 268 448 836
584 477 480 1055
585 456 458 762
586 905 150 1131
587 230 827 1028
588 840 672 954
589 801 800 1008
590 246 764 765
591 77 78 883
592 603 840 954
593 497 501 531
594 606 608 610
595 719 197 789
596 876 440 878
597 147 898 1128
598 852 235 1123
599 254 41 1252
600 783 552 1007
601 894 1107 1223
602 132 27 826
603 843 320 1155
604 289 297 746
605 214 3 853
606 772 247 773
607 486 488 613
608 1005 472 1006
609 261 263 837
610 133 218 795
611 667 919 1075
612 512 1022 1210
613 113 183 841
614 150 905 1183
615 19 127 226
616 124 15 227
617 12 122 253
618 540 739 1181
619 775 814 863
620 297 298 455
621 117 8 834
622 11 121 225
623 1073 1009 1222
624 765 764 766
625 775 774 781
626 247 128 1085
627 141 1040 1075
628 776 773 777
629 1076 823 1152
630 486 613 1096
631 795 796 797
632 461 463 519
633 921 676 1198
634 1083 783 1155
635 235 852 1203
636 1055 480 1200
637 200 899 1220
638 775 781 782
639 3 109 853
640 71 72 1160
641 921 920 1057
642 78 206 883
643 767 766 771
644 324 321 986
645 284 286 444
646 851 596 887
647 1206 721 1236
648 130 23 828
649 242 809 810
650 797 799 800
651 978 519 1084
652 220 944 1176
653 25 234 1247
654 765 766 767
655 769 767 823
656 717 197 718
657 743 250 1219
658 193 703 715
659 219 159 909
660 121 12 817
661 859 1098 1215
662 189 512 838
663 776 777 778
664 787 819 1147
665 861 713 1084
666 244 870 1034
667 674 299 825
668 531 501 532
669 749 219 1209
670 223 892 1052
671 719 992 1174
672 42 41 254
673 1059 815 1168
674 761 456 762
675 799 1035 1170
676 321 327 986
677 299 258 825
678 58 57 704
679 881 77 883
680 463 465 861
681 301 299 674
682 1070 120 1179
683 224 117 834
684 627 884 1102
685 289 296 297
686 201 791 1130
687 1010 326 1150
688 284 444 1230
689 213 846 847
690 849 245 1039
691 41 726 1252
692 465 467 482
693 240 4 841
694 711 195 739
695 778 779 792
696 475 476 477
697 326 1077 1189
698 475 535 784
699 455 456 761
700 112 4 240
701 930 80 1136
702 1052 892 1254
703 126 19 863
704 725 182 1036
705 613 488 821
706 850 688 851
707 266 836 837
708 909 160 1079
709 937 86 938
710 196 893 1147
711 196 819 1115
712 87 209 938
713 172 173 888
714 263 266 837
715 797 796 799
716 458 460 461
717 497 531 816
718 39 38 722
719 610 608 611
720 880 882 1056
721 199 919 1202
722 266 268 836
723 902 732 1019
724 632 937 938
725 886 870 1124
726 814 782 815
727 902 214 1188
728 442 303 848
729 831 830 832
730 1098 1011 1215
731 268 270 448
732 214 982 1188
733 836 996 1022
734 4 113 841
735 243 814 862
736 847 846 866
737 219 749 1141
738 1021 350 1068
739 60 59 747
740 910 742 1137
741 243 126 863
742 899 200 1091
743 841 183 857
744 76 77 881
745 836 448 996
746 477 478 480
747 643 611 644
748 80 930 1193
749 734 1010 1150
750 452 534 1011
751 213 111 846
752 665 857 1113
753 236 130 828
754 172 888 892
755 797 800 801
756 958 999 1047
757 567 552 783
758 815 481 1093
759 488 490 821
760 979 99 1051
761 833 786 1197
762 829 617 830
763 54 53 708
764 687 986 987
765 191 712 855
766 616 857 1171
767 133 28 218
768 64 63 717
769 11 225 1179
770 484 485 486
771 768 767 769
772 726 825 1252
773 737 234 1139
774 722 38 723
775 297 539 746
776 672 589 954
777 461 462 463
778 840 603 1038
779 609 734 1050
780 666 990 993
781 224 834 859
782 540 455 761
783 227 15 966
784 303 301 848
785 275 290 974
786 25 251 1248
787 739 540 1211
788 792 779 793
789 780 247 1085
790 455 298 456
791 486 487 488
792 1134 284 1230
793 7 117 224
794 720 718 1140
795 137 198 885
796 747 192 1088
797 222 813 1207
798 592 616 617
799 792 793 794
800 29 135 188
801 549 859 1100
802 469 471 475
803 775 782 814
804 15 125 966
805 877 908 1117
806 691 190 692
807 899 898 1220
808 23 131 228
809 783 1007 1155
810 297 296 298
811 590 592 829
812 546 533 842
813 331 590 1033
814 119 10 229
815 592 617 829
816 684 840 1106
817 26 132 230
818 522 353 687
819 589 438 994
820 424 864 896
821 505 503 1017
822 155 238 873
823 248 868 869
824 282 283 284
825 43 189 838
826 1040 667 1075
827 873 238 874
828 480 483 484
829 235 181 860
830 113 114 183
831 45 190 691
832 519 463 861
833 75 232 867
834 831 832 1060
835 173 231 888
836 778 777 779
837 272 274 278
838 813 745 1094
839 190 44 838
840 832 641 1053
841 990 620 993
842 803 134 1242
843 463 464 465
844 889 352 973
845 279 281 282
846 188 135 858
847 875 874 876
848 32 154 204
849 857 183 1113
850 8 118 237
851 846 240 866
852 869 868 870
853 490 492 508
854 48 186 702
855 523 621 886
856 186 47 804
857 999 327 1047
858 873 874 875
859 867 232 879
860 864 424 977
861 136 239 858
862 802 803 1001
863 305 303 442
864 290 515 974
865 232 76 881
866 314 311 1010
867 428 511 895
868 180 181 235
869 193 49 702
870 248 867 868
871 18 126 243
872 210 824 1135
873 353 324 986
874 46 691 804
875 71 869 1158
876 488 489 490
877 810 809 811
878 1002 527 1089
879 193 702 703
880 185 721 893
881 899 658 934
882 677 550 922
883 187 56 855
884 634 619 1023
885 248 74 867
886 986 327 987
887 627 864 1013
888 73 74 248
889 253 122 901
890 658 517 934
891 825 726 1182
892 116 7 1105
893 223 171 892
894 22 130 236
895 731 889 973
896 1021 1068 1112
897 171 172 892
898 554 903 916
899 966 743 1234
900 207 907 1144
901 756 979 1051
902 864 559 896
903 532 605 606
904 660 903 904
905 17 751 1111
906 687 987 1173
907 841 857 1092
908 954 589 994
909 765 767 768
910 523 550 621
911 554 659 903
912 787 1147 1206
913 55 191 855
914 758 757 940
915 427 428 895
916 786 442 1239
917 700 741 1134
918 892 888 1097
919 40 184 726
920 798 1002 1089
921 534 548 1011
922 202 897 915
923 548 642 788
924 494 496 497
925 684 672 840
926 421 422 423
927 834 237 1100
928 453 433 523
929 425 426 427
930 559 432 896
931 621 550 677
932 386 908 949
933 424 423 425
934 543 523 886
935 108 3 214
936 908 680 949
937 155 156 238
938 998 913 1121
939 50 193 714
940 523 433 550
941 550 895 922
942 515 669 785
943 108 214 902
944 430 427 433
945 671 589 672
946 75 76 232
947 897 647 915
948 30 137 885
949 597 599 1030
950 173 174 231
951 272 278 1109
952 879 232 880
953 204 873 875
954 421 424 896
955 448 270 1109
956 461 460 462
957 590 591 592
958 309 307 326
959 900 624 947
960 731 733 889
961 604 824 926
962 419 420 421
963 587 438 589
964 486 485 487
965 445 604 963
966 903 659 904
967 592 615 616
968 421 423 424
969 922 656 923
970 895 511 922
971 74 75 867
972 217 912 913
973 677 922 923
974 903 513 916
975 425 423 426
976 497 498 501
977 361 556 911
978 645 915 924
979 367 554 916
980 627 559 864
981 511 656 922
982 368 367 916
983 868 867 879
984 514 513 660
985 660 513 903
986 561 435 918
987 421 420 422
988 904 659 905
989 419 421 896
990 425 427 430
991 518 645 924
992 241 103 921
993 362 361 911
994 645 910 915
995 915 647 924
996 114 5 1186
997 651 906 918
998 107 108 902
999 217 101 912
1000 517 911 934
1001 331 349 590
1002 649 914 933
1003 518 924 931
1004 137 138 198
1005 560 649 933
1006 587 589 671
1007 750 680 908
1008 105 216 920
1009 175 176 245
1010 631 917 936
1011 623 900 947
1012 562 631 936
1013 355 354 931
1014 112 240 846
1015 780 1119 1159
1016 604 926 963
1017 906 561 918
1018 231 887 888
1019 154 155 873
1020 554 517 658
1021 513 371 916
1022 647 555 924
1023 673 672 684
1024 743 545 744
1025 620 516 993
1026 367 365 517
1027 685 661 791
1028 918 435 935
1029 373 371 513
1030 554 658 659
1031 558 432 559
1032 111 112 846
1033 480 664 1200
1034 626 559 627
1035 500 505 1027
1036 744 545 1078
1037 371 368 916
1038 427 426 428
1039 556 555 647
1040 514 660 661
1041 354 518 931
1042 810 811 812
1043 731 732 733
1044 361 358 555
1045 433 427 895
1046 365 362 911
1047 648 647 897
1048 475 471 476
1049 1006 472 1142
1050 876 874 877
1051 749 680 750
1052 648 897 898
1053 910 202 915
1054 367 517 554
1055 435 413 935
1056 361 555 556
1057 556 647 648
1058 104 920 921
1059 925 560 933
1060 102 241 912
1061 517 365 911
1062 178 179 249
1063 453 523 543
1064 135 136 858
1065 426 423 968
1066 432 419 896
1067 104 105 920
1068 437 407 925
1069 110 111 213
1070 971 583 973
1071 105 106 216
1072 102 103 241
1073 100 101 217
1074 97 98 215
1075 418 417 419
1076 443 401 927
1077 671 672 673
1078 358 355 931
1079 352 971 973
1080 548 788 1011
1081 927 562 936
1082 595 730 731
1083 119 229 1074
1084 266 267 268
1085 447 941 947
1086 564 625 997
1087 430 433 453
1088 558 559 626
1089 645 620 742
1090 401 403 927
1091 407 409 925
1092 587 671 919
1093 518 516 620
1094 413 415 935
1095 418 419 432
1096 354 347 516
1097 645 742 910
1098 769 823 1025
1099 929 626 930
1100 366 365 367
1101 103 104 921
1102 101 102 912
1103 394 395 928
1104 364 362 365
1105 437 925 933
1106 680 524 949
1107 422 447 564
1108 518 620 645
1109 419 417 420
1110 373 513 514
1111 415 417 418
1112 164 221 932
1113 560 435 561
1114 679 524 680
1115 649 561 650
1116 352 889 988
1117 562 437 563
1118 560 561 649
1119 412 435 560
1120 631 563 632
1121 812 811 856
1122 406 437 562
1123 395 400 928
1124 651 558 929
1125 562 563 631
1126 555 358 931
1127 650 906 907
1128 557 432 558
1129 412 413 435
1130 370 368 371
1131 825 256 1252
1132 406 407 437
1133 359 358 361
1134 400 443 445
1135 604 542 668
1136 403 406 927
1137 445 443 542
1138 354 516 518
1139 445 542 604
1140 409 411 412
1141 557 558 651
1142 623 891 900
1143 604 668 824
1144 650 561 906
1145 403 405 406
1146 163 164 932
1147 443 927 936
1148 409 412 925
1149 167 168 222
1150 161 162 220
1151 170 171 223
1152 158 159 219
1153 164 165 221
1154 564 624 625
1155 428 441 511
1156 400 401 443
1157 263 265 266
1158 400 445 928
1159 388 396 572
1160 420 417 941
1161 632 563 914
1162 94 95 939
1163 768 769 770
1164 412 411 413
1165 603 333 1016
1166 406 562 927
1167 648 898 899
1168 395 399 400
1169 2 96 242
1170 415 416 417
1171 406 405 407
1172 412 560 925
1173 924 555 931
1174 668 542 917
1175 418 432 557
1176 511 528 656
1177 388 572 950
1178 572 573 574
1179 384 382 440
1180 558 626 929
1181 357 355 358
1182 928 445 963
1183 415 418 935
1184 749 750 894
1185 400 399 401
1186 599 598 989
1187 576 757 758
1188 557 651 918
1189 211 94 939
1190 413 414 415
1191 557 918 935
1192 563 437 933
1193 407 408 409
1194 409 410 411
1195 542 443 936
1196 576 577 757
1197 911 556 934
1198 91 92 940
1199 827 801 1008
1200 394 928 956
1201 418 557 935
1202 624 447 947
1203 403 404 405
1204 391 393 394
1205 679 680 749
1206 401 402 403
1207 436 426 968
1208 917 542 936
1209 570 446 571
1210 85 86 937
1211 914 563 933
1212 413 411 414
1213 87 88 209
1214 84 85 208
1215 90 91 210
1216 78 79 206
1217 93 94 211
1218 81 82 207
1219 757 577 926
1220 572 396 573
1221 407 405 408
1222 416 565 566
1223 566 623 947
1224 425 430 977
1225 415 414 416
1226 753 586 754
1227 409 408 410
1228 439 438 587
1229 576 575 577
1230 366 367 368
1231 394 393 395
1232 401 399 402
1233 210 91 940
1234 556 648 934
1235 416 566 941
1236 573 575 576
1237 566 565 622
1238 359 361 362
1239 395 398 399
1240 414 411 942
1241 525 681 682
1242 865 822 1195
1243 403 402 404
1244 566 622 623
1245 411 410 942
1246 208 85 937
1247 648 899 934
1248 416 414 565
1249 364 365 366
1250 417 416 941
1251 410 408 449
1252 410 449 450
1253 618 745 813
1254 408 405 946
1255 450 612 618
1256 623 890 891
1257 595 731 973
1258 388 389 396
1259 1056 882 1208
1260 570 571 944
1261 450 449 612
1262 571 446 945
1263 618 612 745
1264 341 339 438
1265 404 402 446
1266 405 404 946
1267 140 31 199
1268 569 570 653
1269 399 398 945
1270 402 399 945
1271 404 446 569
1272 391 394 943
1273 565 414 942
1274 653 570 654
1275 395 393 398
1276 623 622 890
1277 569 446 570
1278 449 408 946
1279 348 347 354
1280 714 193 715
1281 682 681 683
1282 794 793 805
1283 731 730 732
1284 410 450 942
1285 372 371 373
1286 447 420 941
1287 710 978 1084
1288 337 351 597
1289 718 818 1140
1290 370 371 372
1291 573 396 575
1292 404 569 946
1293 446 402 945
1294 396 389 943
1295 654 570 944
1296 357 358 359
1297 683 681 909
1298 721 720 1236
1299 391 392 393
1300 388 387 389
1301 389 391 943
1302 753 754 755
1303 385 387 388
1304 941 566 947
1305 392 390 524
1306 389 387 390
1307 666 588 667
1308 145 146 202
1309 142 143 203
1310 151 152 201
1311 148 149 200
1312 381 383 397
1313 525 524 679
1314 525 679 681
1315 389 390 391
1316 449 946 955
1317 796 218 798
1318 565 942 952
1319 450 618 952
1320 956 928 963
1321 588 587 919
1322 515 785 974
1323 393 392 953
1324 942 450 952
1325 376 374 378
1326 575 396 943
1327 673 684 845
1328 204 154 873
1329 153 32 1029
1330 946 569 955
1331 337 597 1003
1332 392 524 525
1333 525 682 953
1334 313 311 314
1335 383 382 384
1336 569 653 955
1337 378 374 967
1338 622 565 952
1339 398 393 953
1340 363 362 364
1341 391 390 392
1342 516 347 985
1343 612 449 955
1344 753 755 763
1345 422 564 968
1346 383 384 385
1347 392 525 953
1348 763 755 809
1349 667 588 919
1350 752 586 753
1351 456 457 458
1352 943 394 956
1353 585 752 756
1354 381 379 382
1355 564 447 624
1356 369 368 370
1357 284 285 286
1358 209 88 970
1359 577 575 956
1360 618 813 960
1361 346 345 347
1362 585 584 586
1363 381 382 383
1364 348 354 355
1365 380 381 948
1366 575 943 956
1367 422 420 447
1368 955 653 961
1369 385 384 386
1370 662 661 685
1371 369 377 581
1372 952 618 960
1373 385 386 387
1374 387 386 949
1375 438 339 994
1376 585 586 752
1377 818 508 1194
1378 356 360 583
1379 612 955 961
1380 376 379 380
1381 582 377 584
1382 514 661 662
1383 622 952 960
1384 381 397 948
1385 687 353 986
1386 98 99 979
1387 972 646 985
1388 376 378 379
1389 581 582 593
1390 880 881 882
1391 430 454 977
1392 366 368 369
1393 359 362 363
1394 397 383 950
1395 363 429 578
1396 346 347 348
1397 511 441 528
1398 583 594 595
1399 423 422 968
1400 439 587 588
1401 577 956 963
1402 882 883 884
1403 597 598 599
1404 890 622 960
1405 369 370 377
1406 926 577 963
1407 745 612 961
1408 380 379 381
1409 390 387 949
1410 582 584 585
1411 524 390 949
1412 372 373 374
1413 363 364 429
1414 383 385 950
1415 375 374 376
1416 398 953 964
1417 580 675 676
1418 372 374 375
1419 385 388 950
1420 578 579 580
1421 581 377 582
1422 1165 252 1248
1423 571 945 964
1424 356 355 357
1425 341 438 439
1426 945 398 964
1427 268 269 270
1428 546 842 843
1429 953 682 964
1430 583 360 594
1431 88 89 970
1432 65 185 893
1433 657 849 852
1434 584 969 981
1435 550 433 895
1436 578 429 579
1437 335 333 603
1438 754 586 981
1439 218 28 802
1440 595 655 730
1441 580 579 675
1442 428 436 441
1443 571 964 976
1444 345 972 985
1445 356 357 360
1446 944 571 976
1447 584 377 969
1448 357 359 959
1449 344 342 345
1450 10 120 1070
1451 477 476 478
1452 348 355 356
1453 964 682 976
1454 364 366 962
1455 488 487 489
1456 278 274 279
1457 356 583 971
1458 424 425 977
1459 646 588 666
1460 889 733 1045
1461 429 364 962
1462 663 835 1043
1463 880 232 881
1464 585 756 965
1465 136 30 239
1466 439 588 646
1467 969 375 981
1468 646 666 993
1469 595 594 655
1470 370 372 969
1471 377 370 969
1472 360 357 959
1473 598 601 989
1474 656 528 657
1475 344 346 352
1476 434 353 522
1477 441 436 596
1478 369 581 962
1479 662 685 686
1480 593 582 965
1481 428 426 436
1482 882 881 883
1483 536 522 663
1484 582 585 965
1485 682 683 976
1486 282 281 283
1487 344 345 346
1488 373 514 967
1489 366 369 962
1490 363 578 959
1491 359 363 959
1492 374 373 967
1493 215 98 979
1494 606 607 608
1495 372 375 969
1496 601 735 736
1497 107 902 1019
1498 657 528 688
1499 514 662 967
1500 430 453 454
1501 465 466 467
1502 985 646 993
1503 1015 794 1251
1504 583 595 973
1505 784 535 1014
1506 429 962 984
1507 987 529 1173
1508 338 336 339
1509 346 348 971
1510 83 84 995
1511 805 806 1251
1512 937 632 1216
1513 736 735 853
1514 657 688 849
1515 360 959 983
1516 590 349 591
1517 837 836 1022
1518 341 439 972
1519 578 580 983
1520 340 339 341
1521 747 1088 1204
1522 581 593 984
1523 962 581 984
1524 329 324 353
1525 348 356 971
1526 586 584 981
1527 340 342 343
1528 463 462 464
1529 345 342 972
1530 503 506 1017
1531 352 346 971
1532 343 342 344
1533 1 68 205
1534 340 341 342
1535 601 602 735
1536 601 600 602
1537 959 578 983
1538 596 436 997
1539 376 380 991
1540 216 106 1019
1541 813 1094 1207
1542 484 483 485
1543 531 678 816
1544 439 646 972
1545 68 69 980
1546 991 380 1004
1547 436 968 997
1548 344 352 988
1549 597 351 598
1550 742 620 990
1551 69 70 244
1552 375 376 991
1553 592 591 615
1554 246 765 951
1555 347 345 985
1556 342 341 972
1557 539 540 1232
1558 596 851 1228
1559 594 360 983
1560 516 985 993
1561 693 696 697
1562 335 603 954
1563 579 429 984
1564 241 921 1198
1565 580 676 1000
1566 338 339 340
1567 343 344 988
1568 458 459 460
1569 84 208 995
1570 506 520 521
1571 116 1105 1217
1572 535 477 1055
1573 500 503 505
1574 765 768 951
1575 286 288 289
1576 125 250 966
1577 535 1055 1184
1578 598 600 601
1579 321 318 327
1580 26 230 1028
1581 754 981 991
1582 650 907 995
1583 981 375 991
1584 984 593 998
1585 859 834 1100
1586 987 327 999
1587 726 184 1182
1588 337 338 351
1589 754 991 1004
1590 338 340 975
1591 509 510 1046
1592 983 580 1000
1593 537 293 619
1594 697 698 699
1595 314 839 957
1596 579 984 998
1597 658 899 1091
1598 968 564 997
1599 594 983 1000
1600 351 338 975
1601 337 336 338
1602 598 351 600
1603 334 333 335
1604 601 736 989
1605 755 754 1004
1606 480 478 483
1607 781 1005 1006
1608 675 579 998
1609 640 638 641
1610 332 330 333
1611 748 747 1204
1612 1140 818 1194
1613 317 831 1060
1614 864 977 1013
1615 655 594 1000
1616 844 1032 1063
1617 340 343 975
1618 334 336 337
1619 866 240 1092
1620 683 909 1079
1621 490 489 491
1622 705 187 706
1623 115 212 1042
1624 182 36 738
1625 334 335 336
1626 316 957 1047
1627 886 621 1034
1628 205 68 980
1629 380 948 1004
1630 141 142 1040
1631 332 333 334
1632 270 271 272
1633 600 351 975
1634 331 332 349
1635 1119 236 1159
1636 609 728 734
1637 904 905 1131
1638 325 330 331
1639 957 958 1047
1640 675 998 1121
1641 73 248 1160
1642 69 244 980
1643 176 177 1039
1644 508 816 1194
1645 339 336 994
1646 335 954 994
1647 975 343 1012
1648 236 828 1154
1649 923 656 1123
1650 932 654 1058
1651 1138 1015 1251
1652 770 769 1082
1653 871 574 1071
1654 266 265 267
1655 134 29 1242
1656 710 711 978
1657 536 663 759
1658 568 567 637
1659 1030 599 1049
1660 664 1088 1200
1661 624 900 1052
1662 852 249 1203
1663 600 975 1012
1664 434 522 536
1665 633 619 634
1666 644 740 833
1667 221 961 1177
1668 331 330 332
1669 619 293 1048
1670 284 283 285
1671 99 100 1051
1672 32 204 1029
1673 798 1001 1002
1674 268 267 269
1675 313 314 957
1676 637 567 1021
1677 1036 738 1115
1678 660 904 1130
1679 329 353 434
1680 336 335 994
1681 465 464 466
1682 290 451 515
1683 532 501 605
1684 506 521 1017
1685 602 600 1012
1686 845 139 1103
1687 686 878 1108
1688 811 809 1067
1689 163 932 1058
1690 220 162 1058
1691 31 141 1075
1692 685 791 1029
1693 814 815 862
1694 977 454 1013
1695 239 30 885
1696 652 634 822
1697 490 491 492
1698 343 988 1012
1699 442 833 1077
1700 106 107 1019
1701 327 318 1047
1702 862 751 1238
1703 777 773 780
1704 252 1139 1248
1705 43 42 189
1706 196 66 893
1707 234 25 1248
1708 530 526 807
1709 809 755 1067
1710 853 109 1101
1711 123 246 1227
1712 1003 597 1030
1713 576 758 1071
1714 289 295 296
1715 827 1008 1009
1716 878 440 1120
1717 182 738 1036
1718 57 56 187
1719 574 573 1071
1720 45 44 190
1721 316 313 957
1722 699 854 1175
1723 471 470 474
1724 574 856 1133
1725 854 872 1199
1726 515 549 669
1727 502 499 527
1728 24 1247 1253
1729 48 47 186
1730 300 299 301
1731 453 543 1056
1732 270 269 271
1733 333 330 1016
1734 1062 252 1165
1735 332 334 1003
1736 699 700 872
1737 161 220 1079
1738 319 322 328
1739 349 332 1003
1740 334 337 1003
1741 1026 227 1234
1742 789 194 992
1743 59 58 192
1744 55 54 191
1745 497 496 498
1746 67 196 738
1747 50 49 193
1748 325 329 330
1749 46 45 691
1750 603 1016 1038
1751 684 1106 1145
1752 509 504 510
1753 640 641 665
1754 467 468 469
1755 530 808 835
1756 44 43 838
1757 692 190 694
1758 110 213 1101
1759 469 470 471
1760 526 509 1046
1761 537 619 633
1762 221 165 1094
1763 325 324 329
1764 929 930 1136
1765 877 874 1107
1766 691 692 693
1767 251 1165 1248
1768 568 637 638
1769 905 659 1091
1770 257 259 261
1771 49 48 702
1772 47 46 804
1773 715 703 1125
1774 65 64 185
1775 689 743 1219
1776 97 215 1104
1777 530 807 808
1778 718 197 719
1779 279 280 281
1780 40 39 184
1781 272 273 274
1782 245 176 1039
1783 41 40 726
1784 633 634 652
1785 643 1036 1115
1786 546 843 1007
1787 1001 510 1002
1788 242 96 1104
1789 140 199 1103
1790 870 868 1124
1791 263 264 265
1792 591 349 1030
1793 261 262 263
1794 462 460 481
1795 322 321 324
1796 469 468 470
1797 294 293 537
1798 652 822 865
1799 1237 1049 1255
1800 606 605 607
1801 930 626 1102
1802 228 805 1164
1803 493 491 507
1804 197 62 789
1805 322 324 325
1806 286 285 288
1807 125 16 250
1808 227 966 1234
1809 275 974 1041
1810 567 783 1021
1811 470 468 472
1812 142 203 1040
1813 894 157 1141
1814 458 457 459
1815 452 291 533
1816 168 169 1110
1817 294 538 628
1818 329 434 1016
1819 349 1003 1030
1820 330 329 1016
1821 823 771 1152
1822 639 638 640
1823 180 235 1203
1824 275 264 276
1825 912 241 1121
1826 56 55 855
1827 703 702 854
1828 697 696 698
1829 467 466 468
1830 1104 215 1214
1831 273 271 293
1832 641 638 1053
1833 534 533 546
1834 908 386 1117
1835 309 326 1010
1836 791 661 1130
1837 325 331 1033
1838 632 938 1127
1839 440 382 1120
1840 319 318 321
1841 384 440 1117
1842 758 940 1122
1843 828 228 1164
1844 269 267 277
1845 527 499 1035
1846 302 301 303
1847 456 298 457
1848 629 538 690
1849 37 36 182
1850 840 1038 1106
1851 760 746 1240
1852 729 1017 1163
1853 189 42 254
1854 628 629 630
1855 553 552 567
1856 317 316 318
1857 260 258 299
1858 515 451 549
1859 914 649 1132
1860 51 50 714
1861 631 632 1127
1862 319 321 322
1863 689 545 743
1864 242 810 1169
1865 61 194 789
1866 980 244 1034
1867 897 202 1128
1868 940 92 1122
1869 739 195 1196
1870 379 378 1120
1871 93 211 1122
1872 704 705 707
1873 572 574 1133
1874 189 255 512
1875 378 967 1108
1876 957 839 958
1877 1053 637 1112
1878 431 844 1245
1879 474 470 1018
1880 662 686 1108
1881 100 217 1051
1882 568 638 639
1883 265 264 275
1884 529 526 530
1885 51 714 1196
1886 317 318 319
1887 625 624 1052
1888 272 271 273
1889 613 821 1174
1890 553 567 568
1891 192 58 704
1892 320 1083 1155
1893 1074 229 1143
1894 884 1013 1208
1895 655 1000 1057
1896 608 607 609
1897 263 262 264
1898 913 998 1250
1899 632 914 1216
1900 157 894 1223
1901 974 785 1212
1902 639 640 790
1903 651 929 1144
1904 657 852 1123
1905 730 655 1153
1906 434 536 1038
1907 264 262 1032
1908 1009 1062 1165
1909 520 526 529
1910 907 906 1144
1911 150 151 1131
1912 202 146 1128
1913 157 158 1141
1914 551 547 552
1915 315 313 316
1916 273 293 294
1917 80 81 1136
1918 315 316 317
1919 279 274 280
1920 484 486 1096
1921 90 210 1135
1922 213 847 1180
1923 859 549 1098
1924 283 281 287
1925 66 65 893
1926 699 698 700
1927 1016 434 1038
1928 736 853 1101
1929 615 591 1049
1930 300 301 302
1931 988 889 1045
1932 722 724 1086
1933 217 913 1162
1934 169 170 1148
1935 492 493 494
1936 454 453 1056
1937 294 537 538
1938 644 611 740
1939 289 288 295
1940 203 143 1137
1941 492 491 493
1942 275 276 290
1943 191 709 712
1944 162 163 1058
1945 970 89 1135
1946 1007 843 1155
1947 865 9 1074
1948 261 259 262
1949 312 315 323
1950 501 498 1027
1951 252 1081 1139
1952 506 509 520
1953 503 504 506
1954 1000 676 1057
1955 328 322 1033
1956 397 950 1133
1957 678 614 1236
1958 835 808 1043
1959 500 502 503
1960 553 568 1020
1961 255 254 256
1962 234 737 1247
1963 544 295 545
1964 591 1030 1049
1965 1012 988 1045
1966 706 1014 1184
1967 308 310 350
1968 249 179 1203
1969 1004 948 1067
1970 229 10 1070
1971 939 95 1169
1972 2 242 1169
1973 995 208 1132
1974 494 495 496
1975 35 178 1185
1976 654 932 1177
1977 466 464 473
1978 177 35 1185
1979 312 311 313
1980 498 499 500
1981 638 637 1053
1982 1049 599 1255
1983 442 848 1239
1984 807 526 1046
1985 602 1012 1045
1986 288 285 292
1987 62 61 789
1988 650 995 1132
1989 290 291 451
1990 520 509 526
1991 36 67 738
1992 732 902 1188
1993 673 845 1103
1994 156 157 1223
1995 816 678 1194
1996 184 39 722
1997 644 833 1197
1998 267 265 1041
1999 533 291 1044
2000 543 886 1124
2001 67 66 196
2002 851 688 1228
2003 875 686 1166
2004 628 538 629
2005 1050 734 1150
2006 496 495 1035
2007 693 695 696
2008 1060 832 1190
2009 310 309 311
2010 189 254 255
2011 255 256 257
2012 304 303 305
2013 506 504 509
2014 503 502 504
2015 573 576 1071
2016 281 280 1024
2017 322 325 1033
2018 494 493 495
2019 312 313 315
2020 629 690 716
2021 243 862 1238
2022 500 499 502
2023 614 1206 1236
2024 79 80 1193
2025 653 654 1177
2026 167 222 1207
2027 314 1010 1226
2028 712 713 820
2029 149 150 1183
2030 306 305 307
2031 290 276 291
2032 219 909 1209
2033 498 500 1027
2034 919 671 1202
2035 199 31 1075
2036 70 71 1158
2037 6 116 1072
2038 693 692 695
2039 470 472 1018
2040 310 311 312
2041 300 302 431
2042 147 148 1220
2043 909 681 1209
2044 296 295 544
2045 552 547 1007
2046 637 1021 1112
2047 308 307 309
2048 666 667 1191
2049 534 547 548
2050 274 273 1065
2051 679 749 1209
2052 191 54 708
2053 728 729 839
2054 822 669 1195
2055 752 753 1214
2056 304 306 320
2057 997 625 1213
2058 755 1004 1067
2059 257 258 259
2060 892 1097 1254
2061 1232 1125 1240
2062 260 299 300
2063 63 62 197
2064 537 633 1037
2065 544 545 689
2066 944 976 1176
2067 498 496 499
2068 276 264 1032
2069 1085 129 1119
2070 240 841 1092
2071 265 275 1041
2072 481 460 1066
2073 318 316 1047
2074 700 698 741
2075 185 64 717
2076 696 695 701
2077 452 1011 1098
2078 568 639 1020
2079 257 256 258
2080 308 309 310
2081 688 528 1228
2082 160 161 1079
2083 212 1020 1042
2084 730 1153 1249
2085 460 459 1066
2086 489 487 541
2087 1020 212 1099
2088 796 798 1089
2089 441 596 1228
2090 718 719 818
2091 785 1023 1212
2092 131 24 1253
2093 839 729 1163
2094 485 483 670
2095 608 609 1050
2096 548 551 642
2097 690 538 1037
2098 452 533 534
2099 304 305 306
2100 185 720 721
2101 311 309 1010
2102 302 303 304
2103 473 1006 1142
2104 294 628 1065
2105 652 865 1074
2106 609 727 728
2107 890 222 1110
2108 605 501 1027
2109 451 291 452
2110 293 271 1048
2111 306 307 308
2112 53 52 195
2113 257 261 1064
2114 1072 116 1217
2115 728 727 729
2116 61 60 194
2117 277 267 1041
2118 722 723 724
2119 948 397 1126
2120 744 1078 1156
2121 287 281 1024
2122 659 658 1091
2123 1180 847 1255
2124 609 607 727
2125 195 52 1196
2126 798 802 1001
2127 534 546 547
2128 938 209 1127
2129 685 1029 1166
2130 459 457 635
2131 273 294 1065
2132 271 269 1048
2133 998 593 1250
2134 551 552 553
2135 538 537 1037
2136 709 708 710
2137 287 1024 1025
2138 9 119 1074
2139 459 635 636
2140 521 520 1167
2141 191 708 709
2142 547 546 1007
2143 499 496 1035
2144 259 258 260
2145 464 462 1059
2146 529 987 1167
2147 870 244 1158
2148 799 796 1089
2149 276 1032 1044
2150 1020 639 1042
2151 980 1034 1114
2152 165 166 1094
2153 482 820 1229
2154 628 630 1129
2155 790 640 1113
2156 194 748 992
2157 763 1104 1214
2158 958 839 1163
2159 462 481 1059
2160 1031 233 1111
2161 712 709 713
2162 882 884 1208
2163 639 790 1042
2164 269 277 1048
2165 194 60 747
2166 478 476 479
2167 667 1040 1191
2168 1038 536 1106
2169 510 504 1243
2170 888 887 1097
2171 298 296 1087
2172 296 544 1087
2173 1027 505 1095
2174 611 608 1050
2175 280 274 1065
2176 109 110 1101
2177 491 489 1073
2178 548 547 551
2179 307 305 1077
2180 1002 510 1243
2181 626 627 1102
2182 830 617 1116
2183 798 218 802
2184 874 238 1107
2185 621 677 1114
2186 507 491 1073
2187 139 140 1103
2188 891 890 1110
2189 705 706 1184
2190 315 317 1060
2191 7 224 1105
2192 291 276 1044
2193 1053 1112 1190
2194 527 1002 1243
2195 96 97 1104
2196 1029 204 1166
2197 282 284 1134
2198 839 314 1226
2199 820 482 1225
2200 530 835 1173
2201 487 485 1061
2202 630 629 1069
2203 1034 621 1114
2204 858 808 1235
2205 636 635 1031
2206 305 442 1077
2207 738 196 1115
2208 869 870 1158
2209 617 616 1171
2210 674 825 1182
2211 457 298 1087
2212 901 123 1227
2213 951 768 1151
2214 712 820 1231
2215 815 782 1168
2216 512 255 1064
2217 473 464 1059
2218 1043 239 1146
2219 285 283 1076
2220 194 747 748
2221 967 662 1108
2222 222 168 1110
2223 323 315 1060
2224 669 549 1100
2225 540 761 1211
2226 270 272 1109
2227 184 722 1086
2228 312 323 1068
2229 1022 694 1210
2230 549 451 1098
2231 698 696 1054
2232 740 611 1050
2233 239 885 1146
2234 1010 734 1226
2235 262 259 1063
2236 866 615 1237
2237 1032 262 1063
2238 1017 729 1246
2239 545 295 1078
2240 1101 213 1180
2241 283 287 1076
2242 255 257 1064
2243 746 539 1240
2244 761 762 1241
2245 1247 737 1253
2246 987 999 1167
2247 665 641 1116
2248 965 756 1162
2249 185 717 720
2250 1139 234 1248
2251 386 384 1117
2252 481 1066 1093
2253 308 350 1083
2254 1035 495 1170
2255 696 701 1054
2256 860 205 1192
2257 1127 209 1205
2258 536 759 1106
2259 1122 211 1187
2260 1103 199 1202
2261 382 379 1120
2262 1081 252 1172
2263 847 866 1237
2264 913 912 1121
2265 22 236 1119
2266 800 799 1170
2267 543 1124 1244
2268 629 716 1069
2269 898 897 1128
2270 451 452 1098
2271 459 636 1066
2272 713 861 1229
2273 292 285 1076
2274 495 493 1118
2275 769 1025 1082
2276 92 93 1122
2277 868 879 1124
2278 288 292 1078
2279 350 310 1068
2280 1067 948 1126
2281 640 665 1113
2282 741 698 1054
2283 1107 238 1223
2284 744 1026 1234
2285 310 312 1068
2286 205 980 1114
2287 539 1232 1240
2288 932 221 1177
2289 1174 992 1224
2290 505 1017 1246
2291 905 1091 1183
2292 1017 521 1163
2293 472 468 1142
2294 872 760 1199
2295 749 894 1141
2296 656 657 1123
2297 1079 220 1176
2298 652 1074 1143
2299 454 1056 1208
2300 777 780 1159
2301 917 631 1127
2302 856 811 1126
2303 1105 224 1215
2304 743 744 1234
2305 862 815 1093
2306 553 1020 1099
2307 483 478 1080
2308 29 188 1242
2309 295 288 1078
2310 259 260 1063
2311 304 320 1090
2312 661 660 1130
2313 625 1097 1213
2314 146 147 1128
2315 1094 166 1207
2316 857 665 1171
2317 930 1102 1193
2318 635 457 1087
2319 780 1085 1119
2320 728 839 1226
2321 1162 913 1250
2322 489 541 1073
2323 485 670 1061
2324 502 527 1243
2325 236 1154 1159
2326 493 507 1118
2327 151 201 1131
2328 950 572 1133
2329 1014 820 1225
2330 709 710 1084
2331 1037 633 1143
2332 1100 237 1195
2333 649 650 1132
2334 320 306 1083
2335 990 666 1191
2336 920 216 1153
2337 811 1067 1126
2338 541 487 1061
2339 759 663 1146
2340 306 308 1083
2341 89 90 1135
2342 541 1061 1062
2343 248 869 1160
2344 906 651 1144
2345 143 144 1137
2346 81 207 1136
2347 713 709 1084
2348 670 1080 1081
2349 431 302 1090
2350 697 699 1175
2351 183 114 1186
2352 803 1161 1201
2353 607 605 1095
2354 158 219 1141
2355 1125 703 1199
2356 914 1132 1216
2357 466 473 1142
2358 636 1031 1111
2359 756 1051 1162
2360 642 551 1099
2361 838 512 1210
2362 280 1065 1129
2363 302 304 1090
2364 170 223 1148
2365 727 607 1095
2366 300 431 1245
2367 188 858 1235
2368 544 689 1157
2369 211 871 1187
2370 605 1027 1095
2371 1087 544 1157
2372 1121 241 1198
2373 732 730 1249
2374 677 923 1192
2375 917 1127 1205
2376 893 721 1147
2377 670 483 1080
2378 686 685 1166
2379 1068 323 1112
2380 615 1049 1237
2381 923 860 1192
2382 478 479 1080
2383 1065 628 1129
2384 444 872 1230
2385 551 553 1099
2386 204 875 1166
2387 1009 1008 1222
2388 1008 507 1222
2389 95 2 1169
2390 1046 510 1201
2391 788 1105 1215
2392 793 779 1154
2393 1153 216 1249
2394 887 596 1213
2395 244 70 1158
2396 479 1015 1138
2397 633 652 1143
2398 1039 177 1185
2399 1024 280 1129
2400 1056 543 1244
2401 1019 732 1249
2402 779 777 1159
2403 205 1114 1192
2404 1114 677 1192
2405 665 1116 1171
2406 510 1001 1201
2407 1124 879 1244
2408 468 466 1142
2409 669 1100 1195
2410 120 11 1179
2411 805 793 1164
2412 678 1140 1194
2413 793 1154 1164
2414 768 770 1151
2415 961 653 1177
2416 733 732 1188
2417 1161 803 1242
2418 736 1101 1180
2419 1091 200 1183
2420 655 1057 1153
2421 203 990 1191
2422 613 1174 1224
2423 1078 292 1156
2424 1011 788 1215
2425 976 683 1176
2426 786 725 1197
2427 1071 758 1187
2428 951 253 1227
2429 178 249 1185
2430 695 996 1233
2431 683 1079 1176
2432 673 1103 1202
2433 820 713 1229
2434 520 529 1167
2435 200 149 1183
2436 724 786 1239
2437 209 970 1205
2438 635 1087 1157
2439 206 79 1193
2440 1147 721 1206
2441 228 131 1253
2442 253 901 1227
2443 1023 277 1212
2444 179 180 1203
2445 1057 920 1153
2446 855 712 1231
2447 970 668 1205
2448 1154 779 1159
2449 668 917 1205
2450 676 675 1198
2451 982 733 1188
2452 166 167 1207
2453 238 156 1223
2454 671 673 1202
2455 707 1055 1200
2456 989 736 1180
2457 1112 323 1190
2458 252 1062 1172
2459 52 51 1196
2460 670 1081 1172
2461 216 1019 1249
2462 879 880 1244
2463 1111 751 1149
2464 681 679 1209
2465 1116 617 1171
2466 727 1095 1246
2467 1096 748 1204
2468 748 1096 1224
2469 989 1180 1255
2470 807 1161 1235
2471 208 937 1216
2472 753 763 1214
2473 1154 828 1164
2474 529 530 1173
2475 663 1043 1146
2476 758 1122 1187
2477 1051 217 1162
2478 148 200 1220
2479 599 989 1255
2480 1102 206 1193
2481 784 1014 1225
2482 715 1125 1232
2483 1040 203 1191
2484 1014 535 1184
2485 711 739 1211
2486 807 1046 1161
2487 714 715 1181
2488 1031 635 1157
2489 788 642 1217
2490 224 859 1215
2491 1129 630 1221
2492 528 441 1228
2493 249 1039 1185
2494 760 1125 1199
2495 762 978 1241
2496 593 965 1250
2497 596 997 1213
2498 323 1060 1190
2499 636 1111 1149
2500 1095 505 1246
2501 1161 188 1235
2502 18 243 1238
2503 1013 454 1208
2504 833 740 1189
2505 880 1056 1244
2506 794 805 1251
2507 740 1050 1150
2508 1025 1024 1221
2509 996 448 1233
2510 1001 803 1201
2511 871 1071 1187
2512 1106 759 1145
2513 1063 260 1245
2514 701 695 1233
2515 790 1113 1186
2516 256 254 1252
2517 292 1076 1152
2518 473 1059 1168
2519 184 1086 1182
2520 292 1152 1156
2521 808 807 1235
2522 1152 771 1156
2523 703 854 1199
2524 734 728 1226
2525 832 1053 1190
2526 740 1150 1189
2527 847 1237 1255
2528 1077 833 1189
2529 1082 1025 1221
2530 495 1118 1170
2531 250 16 1218
2532 642 1072 1217
2533 625 1052 1254
2534 1093 1066 1149
2535 504 502 1243
2536 246 951 1227
2537 844 1063 1245
2538 1097 887 1213
2539 1062 1061 1172
2540 872 700 1230
2541 1086 674 1182
2542 729 727 1246
2543 1161 1046 1201
2544 675 1121 1198
2545 965 1162 1250
2546 978 711 1241
2547 1132 208 1216
2548 1061 670 1172
2549 1024 1129 1221
2550 1066 636 1149
2551 277 1041 1212
2552 260 300 1245
2553 1041 974 1212
2554 630 1082 1221
2555 992 748 1224
2556 1097 625 1254
2557 1118 800 1170
2558 1150 326 1189
2559 1113 183 1186
2560 507 1073 1222
2561 700 1134 1230
2562 1218 233 1219
2563 1140 678 1236
2564 1105 788 1217
2565 1181 715 1232
2566 188 1161 1242
2567 1088 664 1204
2568 720 1140 1236
2569 806 1138 1251
2570 711 1211 1241
2571 540 1181 1232
2572 250 1218 1219
2573 1125 760 1240
2574 1211 761 1241
2575 122 34 13
2576 25 26 1028
2577 1054 701 1109
$EndElements
