$MeshFormat
4.1 0 8
$EndMeshFormat
$Entities
67 67 1 0
1 2.2 0.2 0 0
2 1.255741293346428 0.4099999999999999 0 0
3 0.7069848480983498 0.4099999999999999 0 0
4 0.5142872101597527 0.41 0 0
5 0.41 0.41 0 0
6 0.3403175139630528 0.41 0 0
7 0.28698484809835 0.41 0 0
8 0.2417715971497282 0.41 0 0
9 0.2 0.41 0 0
10 0.1582284028502718 0.41 0 0
11 0.1130151519016501 0.41 0 0
12 0.05968248603694737 0.41 0 0
13 0 0.4 0 0
14 0 0.3336357275838598 0 0
15 0 0.2828427124746191 0 0
16 0 0.2397824734759317 0 0
17 0 0.2 0 0
18 0 0.1602175265240684 0 0
19 0 0.117157287525381 0 0
20 0 0.06636427241614032 0 0
21 0 8.326672684688674e-17 0 0
22 0.06636427241614024 0 0 0
23 0.1171572875253808 0 0 0
24 0.1602175265240683 0 0 0
25 0.2 0 0 0
26 0.2397824734759316 0 0 0
27 0.2828427124746191 0 0 0
28 0.3336357275838597 0 0 0
29 0.3999999999999999 0 0 0
30 0.4993211525330978 0 0 0
31 0.6828427124746181 2.775557561562891e-17 0 0
32 1.205467898425167 -2.775557561562891e-17 0 0
33 2.2 0.41 0 0
34 0 0.41 0 0
35 2.2 0 0 0
36 0.25 0.2 0 0
37 0.2490392640201615 0.2097545161008064 0 0
38 0.2461939766255644 0.2191341716182545 0 0
39 0.2415734806151273 0.2277785116509801 0 0
40 0.2353553390593274 0.2353553390593274 0 0
41 0.2277785116509801 0.2415734806151273 0 0
42 0.2191341716182545 0.2461939766255644 0 0
43 0.2097545161008064 0.2490392640201615 0 0
44 0.2 0.25 0 0
45 0.1902454838991936 0.2490392640201615 0 0
46 0.1808658283817455 0.2461939766255644 0 0
47 0.1722214883490199 0.2415734806151273 0 0
48 0.1646446609406726 0.2353553390593274 0 0
49 0.1584265193848727 0.2277785116509801 0 0
50 0.1538060233744357 0.2191341716182545 0 0
51 0.1509607359798385 0.2097545161008064 0 0
52 0.15 0.2 0 0
53 0.1509607359798385 0.1902454838991936 0 0
54 0.1538060233744357 0.1808658283817455 0 0
55 0.1584265193848727 0.1722214883490199 0 0
56 0.1646446609406726 0.1646446609406726 0 0
57 0.1722214883490199 0.1584265193848727 0 0
58 0.1808658283817455 0.1538060233744357 0 0
59 0.1902454838991936 0.1509607359798385 0 0
60 0.2 0.15 0 0
61 0.2097545161008064 0.1509607359798385 0 0
62 0.2191341716182545 0.1538060233744357 0 0
63 0.2277785116509801 0.1584265193848727 0 0
64 0.2353553390593274 0.1646446609406726 0 0
65 0.2415734806151273 0.1722214883490199 0 0
66 0.2461939766255643 0.1808658283817455 0 0
67 0.2490392640201615 0.1902454838991936 0 0
1 2.2 0.2 0 2.2 0.41 0 0 2 1 -33
2 1.255741293346428 0.4099999999999999 0 2.2 0.41 0 0 2 33 -2
3 0.7069848480983498 0.4099999999999999 0 1.255741293346428 0.4099999999999999 0 0 2 2 -3
4 0.5142872101597527 0.4099999999999999 0 0.7069848480983498 0.41 0 0 2 3 -4
5 0.41 0.41 0 0.5142872101597527 0.41 0 0 2 4 -5
6 0.3403175139630528 0.41 0 0.41 0.41 0 0 2 5 -6
7 0.28698484809835 0.41 0 0.3403175139630528 0.41 0 0 2 6 -7
8 0.2417715971497282 0.41 0 0.28698484809835 0.41 0 0 2 7 -8
9 0.2 0.41 0 0.2417715971497282 0.41 0 0 2 8 -9
10 0.1582284028502718 0.41 0 0.2 0.41 0 0 2 9 -10
11 0.1130151519016501 0.41 0 0.1582284028502718 0.41 0 0 2 10 -11
12 0.05968248603694737 0.41 0 0.1130151519016501 0.41 0 0 2 11 -12
13 0 0.41 0 0.05968248603694737 0.41 0 0 2 12 -34
14 0 0.4 0 0 0.41 0 0 2 34 -13
15 0 0.3336357275838598 0 0 0.4 0 0 2 13 -14
16 0 0.2828427124746191 0 0 0.3336357275838598 0 0 2 14 -15
17 0 0.2397824734759317 0 0 0.2828427124746191 0 0 2 15 -16
18 0 0.2 0 0 0.2397824734759317 0 0 2 16 -17
19 0 0.1602175265240684 0 0 0.2 0 0 2 17 -18
20 0 0.117157287525381 0 0 0.1602175265240684 0 0 2 18 -19
21 0 0.06636427241614032 0 0 0.117157287525381 0 0 2 19 -20
22 0 8.326672684688674e-17 0 0 0.06636427241614032 0 0 2 20 -21
23 0 0 0 0.06636427241614024 8.326672684688674e-17 0 0 2 21 -22
24 0.06636427241614024 0 0 0.1171572875253808 0 0 0 2 22 -23
25 0.1171572875253808 0 0 0.1602175265240683 0 0 0 2 23 -24
26 0.1602175265240683 0 0 0.2 0 0 0 2 24 -25
27 0.2 0 0 0.2397824734759316 0 0 0 2 25 -26
28 0.2397824734759316 0 0 0.2828427124746191 0 0 0 2 26 -27
29 0.2828427124746191 0 0 0.3336357275838597 0 0 0 2 27 -28
30 0.3336357275838597 0 0 0.3999999999999999 0 0 0 2 28 -29
31 0.3999999999999999 0 0 0.4993211525330978 0 0 0 2 29 -30
32 0.4993211525330978 0 0 0.6828427124746181 2.775557561562891e-17 0 0 2 30 -31
33 0.6828427124746181 -2.775557561562891e-17 0 1.205467898425167 2.775557561562891e-17 0 0 2 31 -32
34 1.205467898425167 -2.775557561562891e-17 0 2.2 0 0 0 2 32 -35
35 2.2 0 0 2.2 0.2 0 0 2 35 -1
36 0.2490392640201615 0.2 0 0.25 0.2097545161008064 0 0 2 36 -37
37 0.2461939766255644 0.2097545161008064 0 0.2490392640201615 0.2191341716182545 0 0 2 37 -38
38 0.2415734806151273 0.2191341716182545 0 0.2461939766255644 0.2277785116509801 0 0 2 38 -39
39 0.2353553390593274 0.2277785116509801 0 0.2415734806151273 0.2353553390593274 0 0 2 39 -40
40 0.2277785116509801 0.2353553390593274 0 0.2353553390593274 0.2415734806151273 0 0 2 40 -41
41 0.2191341716182545 0.2415734806151273 0 0.2277785116509801 0.2461939766255644 0 0 2 41 -42
42 0.2097545161008064 0.2461939766255644 0 0.2191341716182545 0.2490392640201615 0 0 2 42 -43
43 0.2 0.2490392640201615 0 0.2097545161008064 0.25 0 0 2 43 -44
44 0.1902454838991936 0.2490392640201615 0 0.2 0.25 0 0 2 44 -45
45 0.1808658283817455 0.2461939766255644 0 0.1902454838991936 0.2490392640201615 0 0 2 45 -46
46 0.1722214883490199 0.2415734806151273 0 0.1808658283817455 0.2461939766255644 0 0 2 46 -47
47 0.1646446609406726 0.2353553390593274 0 0.1722214883490199 0.2415734806151273 0 0 2 47 -48
48 0.1584265193848727 0.2277785116509801 0 0.1646446609406726 0.2353553390593274 0 0 2 48 -49
49 0.1538060233744357 0.2191341716182545 0 0.1584265193848727 0.2277785116509801 0 0 2 49 -50
50 0.1509607359798385 0.2097545161008064 0 0.1538060233744357 0.2191341716182545 0 0 2 50 -51
51 0.15 0.2 0 0.1509607359798385 0.2097545161008064 0 0 2 51 -52
52 0.15 0.1902454838991936 0 0.1509607359798385 0.2 0 0 2 52 -53
53 0.1509607359798385 0.1808658283817455 0 0.1538060233744357 0.1902454838991936 0 0 2 53 -54
54 0.1538060233744357 0.1722214883490199 0 0.1584265193848727 0.1808658283817455 0 0 2 54 -55
55 0.1584265193848727 0.1646446609406726 0 0.1646446609406726 0.1722214883490199 0 0 2 55 -56
56 0.1646446609406726 0.1584265193848727 0 0.1722214883490199 0.1646446609406726 0 0 2 56 -57
57 0.1722214883490199 0.1538060233744357 0 0.1808658283817455 0.1584265193848727 0 0 2 57 -58
58 0.1808658283817455 0.1509607359798385 0 0.1902454838991936 0.1538060233744357 0 0 2 58 -59
59 0.1902454838991936 0.15 0 0.2 0.1509607359798385 0 0 2 59 -60
60 0.2 0.15 0 0.2097545161008064 0.1509607359798385 0 0 2 60 -61
61 0.2097545161008064 0.1509607359798385 0 0.2191341716182545 0.1538060233744357 0 0 2 61 -62
62 0.2191341716182545 0.1538060233744357 0 0.2277785116509801 0.1584265193848727 0 0 2 62 -63
63 0.2277785116509801 0.1584265193848727 0 0.2353553390593274 0.1646446609406726 0 0 2 63 -64
64 0.2353553390593274 0.1646446609406726 0 0.2415734806151273 0.1722214883490199 0 0 2 64 -65
65 0.2415734806151273 0.1722214883490199 0 0.2461939766255643 0.1808658283817455 0 0 2 65 -66
66 0.2461939766255643 0.1808658283817455 0 0.2490392640201615 0.1902454838991936 0 0 2 66 -67
67 0.2490392640201615 0.1902454838991936 0 0.25 0.2 0 0 2 67 -36
70 0 -2.775557561562891e-17 0 2.2 0.41 0 0 67 1 2 3 4 5 6 7 8 9 10 11 12 13 14 15 16 17 18 19 20 21 22 23 24 25 26 27 28 29 30 31 32 33 34 35 -67 -66 -65 -64 -63 -62 -61 -60 -59 -58 -57 -56 -55 -54 -53 -52 -51 -50 -49 -48 -47 -46 -45 -44 -43 -42 -41 -40 -39 -38 -37 -36
$EndEntities
$Nodes
135 1349 1 1349
0 1 0 1
1
2.2 0.2 0
0 2 0 1
2
1.255741293346428 0.4099999999999999 0
0 3 0 1
3
0.7069848480983498 0.4099999999999999 0
0 4 0 1
4
0.5142872101597527 0.41 0
0 5 0 1
5
0.41 0.41 0
0 6 0 1
6
0.3403175139630528 0.41 0
0 7 0 1
7
0.28698484809835 0.41 0
0 8 0 1
8
0.2417715971497282 0.41 0
0 9 0 1
9
0.2 0.41 0
0 10 0 1
10
0.1582284028502718 0.41 0
0 11 0 1
11
0.1130151519016501 0.41 0
0 12 0 1
12
0.05968248603694737 0.41 0
0 13 0 1
13
0 0.4 0
0 14 0 1
14
0 0.3336357275838598 0
0 15 0 1
15
0 0.2828427124746191 0
0 16 0 1
16
0 0.2397824734759317 0
0 17 0 1
17
0 0.2 0
0 18 0 1
18
0 0.1602175265240684 0
0 19 0 1
19
0 0.117157287525381 0
0 20 0 1
20
0 0.06636427241614032 0
0 21 0 1
21
0 8.326672684688674e-17 0
0 22 0 1
22
0.06636427241614024 0 0
0 23 0 1
23
0.1171572875253808 0 0
0 24 0 1
24
0.1602175265240683 0 0
0 25 0 1
25
0.2 0 0
0 26 0 1
26
0.2397824734759316 0 0
0 27 0 1
27
0.2828427124746191 0 0
0 28 0 1
28
0.3336357275838597 0 0
0 29 0 1
29
0.3999999999999999 0 0
0 30 0 1
30
0.4993211525330978 0 0
0 31 0 1
31
0.6828427124746181 2.775557561562891e-17 0
0 32 0 1
32
1.205467898425167 -2.775557561562891e-17 0
0 33 0 1
33
2.2 0.41 0
0 34 0 1
34
0 0.41 0
0 35 0 1
35
2.2 0 0
0 36 0 1
36
0.25 0.2 0
0 37 0 1
37
0.2490392640201615 0.2097545161008064 0
0 38 0 1
38
0.2461939766255644 0.2191341716182545 0
0 39 0 1
39
0.2415734806151273 0.2277785116509801 0
0 40 0 1
40
0.2353553390593274 0.2353553390593274 0
0 41 0 1
41
0.2277785116509801 0.2415734806151273 0
0 42 0 1
42
0.2191341716182545 0.2461939766255644 0
0 43 0 1
43
0.2097545161008064 0.2490392640201615 0
0 44 0 1
44
0.2 0.25 0
0 45 0 1
45
0.1902454838991936 0.2490392640201615 0
0 46 0 1
46
0.1808658283817455 0.2461939766255644 0
0 47 0 1
47
0.1722214883490199 0.2415734806151273 0
0 48 0 1
48
0.1646446609406726 0.2353553390593274 0
0 49 0 1
49
0.1584265193848727 0.2277785116509801 0
0 50 0 1
50
0.1538060233744357 0.2191341716182545 0
0 51 0 1
51
0.1509607359798385 0.2097545161008064 0
0 52 0 1
52
0.15 0.2 0
0 53 0 1
53
0.1509607359798385 0.1902454838991936 0
0 54 0 1
54
0.1538060233744357 0.1808658283817455 0
0 55 0 1
55
0.1584265193848727 0.1722214883490199 0
0 56 0 1
56
0.1646446609406726 0.1646446609406726 0
0 57 0 1
57
0.1722214883490199 0.1584265193848727 0
0 58 0 1
58
0.1808658283817455 0.1538060233744357 0
0 59 0 1
59
0.1902454838991936 0.1509607359798385 0
0 60 0 1
60
0.2 0.15 0
0 61 0 1
61
0.2097545161008064 0.1509607359798385 0
0 62 0 1
62
0.2191341716182545 0.1538060233744357 0
0 63 0 1
63
0.2277785116509801 0.1584265193848727 0
0 64 0 1
64
0.2353553390593274 0.1646446609406726 0
0 65 0 1
65
0.2415734806151273 0.1722214883490199 0
0 66 0 1
66
0.2461939766255643 0.1808658283817455 0
0 67 0 1
67
0.2490392640201615 0.1902454838991936 0
1 1 0 5
68
69
70
71
72
2.2 0.2349999999999078 0
2.2 0.269999999999747 0
2.2 0.3049999999996368 0
2.2 0.3399999999997651 0
2.2 0.3749999999998717 0
1 2 0 23
73
74
75
76
77
78
79
80
81
82
83
84
85
86
87
88
89
90
91
92
93
94
95
2.160655887222883 0.41 0
2.121311774445709 0.41 0
2.081967661668564 0.41 0
2.042623548891418 0.41 0
2.003279436114243 0.41 0
1.963935323337214 0.41 0
1.924591210560141 0.41 0
1.885247097783082 0.41 0
1.845902985005907 0.41 0
1.806558872228776 0.41 0
1.767214759451602 0.41 0
1.72787064667447 0.41 0
1.688526533897195 0.4099999999999999 0
1.649182421119789 0.4099999999999999 0
1.609838308342557 0.4099999999999999 0
1.570494195565151 0.4099999999999999 0
1.531150082787832 0.4099999999999999 0
1.491805970010557 0.4099999999999999 0
1.452461857233195 0.4099999999999999 0
1.413117744455862 0.4099999999999999 0
1.373773631678471 0.4099999999999999 0
1.334429518901152 0.4099999999999999 0
1.295085406123746 0.4099999999999999 0
1 3 0 13
96
97
98
99
100
101
102
103
104
105
106
107
108
1.216544404400223 0.4099999999999999 0
1.177347515454062 0.4099999999999999 0
1.138150626507969 0.4099999999999999 0
1.09895373756174 0.4099999999999999 0
1.059756848615579 0.4099999999999999 0
1.020559959669331 0.4099999999999999 0
0.9813630707230179 0.4099999999999999 0
0.9421661817766801 0.4099999999999999 0
0.9029692928303641 0.4099999999999999 0
0.863772403883986 0.4099999999999999 0
0.8245755149374903 0.4099999999999999 0
0.7853786259911122 0.4099999999999999 0
0.7461817370447125 0.4099999999999999 0
1 4 0 4
109
110
111
112
0.6684453205107345 0.4099999999999999 0
0.6299057929231191 0.4099999999999999 0
0.5913662653353737 0.41 0
0.5528267377476196 0.41 0
1 5 0 2
113
114
0.4795248067732877 0.41 0
0.4447624033866601 0.41 0
1 6 0 1
115
0.3751587569816132 0.41 0
1 7 0 1
116
0.3136511810307447 0.41 0
1 8 0 1
117
0.2643782226241258 0.41 0
1 9 0 1
118
0.2208857985748966 0.41 0
1 10 0 1
119
0.1791142014251847 0.41 0
1 11 0 1
120
0.1356217773760233 0.41 0
1 12 0 1
121
0.08634881896937188 0.41 0
1 13 0 1
122
0.02984124301854951 0.41 0
1 14 0 0
1 15 0 1
123
0 0.3668178637920383 0
1 16 0 1
124
0 0.3082392200293045 0
1 17 0 1
125
0 0.2613125929753458 0
1 18 0 0
1 19 0 0
1 20 0 1
126
0 0.138687407024787 0
1 21 0 1
127
0 0.09176077997082027 0
1 22 0 1
128
0 0.03318213620815286 0
1 23 0 1
129
0.03318213620798761 4.163336342354688e-17 0
1 24 0 1
130
0.09176077997076058 0 0
1 25 0 1
131
0.1386874070246812 0 0
1 26 0 0
1 27 0 0
1 28 0 1
132
0.2613125929752049 0 0
1 29 0 1
133
0.3082392200291527 0 0
1 30 0 1
134
0.3668178637918647 0 0
1 31 0 2
135
136
0.4331070508442466 0 0
0.4662141016886053 0 0
1 32 0 4
137
138
139
140
0.5360254645212935 5.551115123109388e-18 0
0.5727297765094935 1.110223024621943e-17 0
0.6094340884977671 1.665334536934063e-17 0
0.6461384004860192 2.220446049245854e-17 0
1 33 0 13
141
142
143
144
145
146
147
148
149
150
151
152
153
0.7201730828995552 2.379049338483564e-17 0
0.7575034533244921 1.982541115404237e-17 0
0.7948338237494632 1.586032892324548e-17 0
0.8321641941744095 1.189524669245122e-17 0
0.8694945645993031 7.93016446166255e-18 0
0.9068249350242648 3.965082230866658e-18 0
0.9441553054491336 8.063021267973826e-29 0
0.9814856758743122 -3.965082230738308e-18 0
1.018816046299398 -7.930164461547367e-18 0
1.056146416724552 -1.189524669236367e-17 0
1.093476787149687 -1.586032892317801e-17 0
1.130807157574804 -1.982541115399037e-17 0
1.168137528000013 -2.37904933848126e-17 0
1 34 0 24
154
155
156
157
158
159
160
161
162
163
164
165
166
167
168
169
170
171
172
173
174
175
176
177
1.245249182487727 -2.664535259101586e-17 0
1.285030466550524 -2.553512956639618e-17 0
1.324811750613528 -2.442490654177073e-17 0
1.364593034676531 -2.331468351714529e-17 0
1.404374318739535 -2.220446049251985e-17 0
1.444155602802538 -2.10942374678944e-17 0
1.483936886865542 -1.998401444326896e-17 0
1.523718170928546 -1.887379141864352e-17 0
1.563499454991549 -1.776356839401807e-17 0
1.603280739054371 -1.665334536939771e-17 0
1.643062023117152 -1.554312234477846e-17 0
1.682843307179934 -1.443289932015921e-17 0
1.72262459124274 -1.332267629553929e-17 0
1.762405875305743 -1.221245327091385e-17 0
1.802187159368912 -1.11022302462838e-17 0
1.841968443432138 -9.992007221652154e-18 0
1.881749727495319 -8.881784197021768e-18 0
1.921531011558323 -7.771561172396314e-18 0
1.961312295621326 -6.661338147770864e-18 0
2.001093579684348 -5.551115123144924e-18 0
2.040874863747596 -4.440892098512651e-18 0
2.080656147810815 -3.330669073881198e-18 0
2.120437431873992 -2.220446049250904e-18 0
2.160218715936996 -1.110223024625453e-18 0
1 35 0 4
178
179
180
181
2.2 0.039999999999912 0
2.2 0.07999999999979171 0
2.2 0.1199999999997885 0
2.2 0.1599999999998948 0
1 36 0 0
1 37 0 0
1 38 0 0
1 39 0 0
1 40 0 0
1 41 0 0
1 42 0 0
1 43 0 0
1 44 0 0
1 45 0 0
1 46 0 0
1 47 0 0
1 48 0 0
1 49 0 0
1 50 0 0
1 51 0 0
1 52 0 0
1 53 0 0
1 54 0 0
1 55 0 0
1 56 0 0
1 57 0 0
1 58 0 0
1 59 0 0
1 60 0 0
1 61 0 0
1 62 0 0
1 63 0 0
1 64 0 0
1 65 0 0
1 66 0 0
1 67 0 0
2 70 0 1168
182
183
184
185
186
187
188
189
190
191
192
193
194
195
196
197
198
199
200
201
202
203
204
205
206
207
208
209
210
211
212
213
214
215
216
217
218
219
220
221
222
223
224
225
226
227
228
229
230
231
232
233
234
235
236
237
238
239
240
241
242
243
244
245
246
247
248
249
250
251
252
253
254
255
256
257
258
259
260
261
262
263
264
265
266
267
268
269
270
271
272
273
274
275
276
277
278
279
280
281
282
283
284
285
286
287
288
289
290
291
292
293
294
295
296
297
298
299
300
301
302
303
304
305
306
307
308
309
310
311
312
313
314
315
316
317
318
319
320
321
322
323
324
325
326
327
328
329
330
331
332
333
334
335
336
337
338
339
340
341
342
343
344
345
346
347
348
349
350
351
352
353
354
355
356
357
358
359
360
361
362
363
364
365
366
367
368
369
370
371
372
373
374
375
376
377
378
379
380
381
382
383
384
385
386
387
388
389
390
391
392
393
394
395
396
397
398
399
400
401
402
403
404
405
406
407
408
409
410
411
412
413
414
415
416
417
418
419
420
421
422
423
424
425
426
427
428
429
430
431
432
433
434
435
436
437
438
439
440
441
442
443
444
445
446
447
448
449
450
451
452
453
454
455
456
457
458
459
460
461
462
463
464
465
466
467
468
469
470
471
472
473
474
475
476
477
478
479
480
481
482
483
484
485
486
487
488
489
490
491
492
493
494
495
496
497
498
499
500
501
502
503
504
505
506
507
508
509
510
511
512
513
514
515
516
517
518
519
520
521
522
523
524
525
526
527
528
529
530
531
532
533
534
535
536
537
538
539
540
541
542
543
544
545
546
547
548
549
550
551
552
553
554
555
556
557
558
559
560
561
562
563
564
565
566
567
568
569
570
571
572
573
574
575
576
577
578
579
580
581
582
583
584
585
586
587
588
589
590
591
592
593
594
595
596
597
598
599
600
601
602
603
604
605
606
607
608
609
610
611
612
613
614
615
616
617
618
619
620
621
622
623
624
625
626
627
628
629
630
631
632
633
634
635
636
637
638
639
640
641
642
643
644
645
646
647
648
649
650
651
652
653
654
655
656
657
658
659
660
661
662
663
664
665
666
667
668
669
670
671
672
673
674
675
676
677
678
679
680
681
682
683
684
685
686
687
688
689
690
691
692
693
694
695
696
697
698
699
700
701
702
703
704
705
706
707
708
709
710
711
712
713
714
715
716
717
718
719
720
721
722
723
724
725
726
727
728
729
730
731
732
733
734
735
736
737
738
739
740
741
742
743
744
745
746
747
748
749
750
751
752
753
754
755
756
757
758
759
760
761
762
763
764
765
766
767
768
769
770
771
772
773
774
775
776
777
778
779
780
781
782
783
784
785
786
787
788
789
790
791
792
793
794
795
796
797
798
799
800
801
802
803
804
805
806
807
808
809
810
811
812
813
814
815
816
817
818
819
820
821
822
823
824
825
826
827
828
829
830
831
832
833
834
835
836
837
838
839
840
841
842
843
844
845
846
847
848
849
850
851
852
853
854
855
856
857
858
859
860
861
862
863
864
865
866
867
868
869
870
871
872
873
874
875
876
877
878
879
880
881
882
883
884
885
886
887
888
889
890
891
892
893
894
895
896
897
898
899
900
901
902
903
904
905
906
907
908
909
910
911
912
913
914
915
916
917
918
919
920
921
922
923
924
925
926
927
928
929
930
931
932
933
934
935
936
937
938
939
940
941
942
943
944
945
946
947
948
949
950
951
952
953
954
955
956
957
958
959
960
961
962
963
964
965
966
967
968
969
970
971
972
973
974
975
976
977
978
979
980
981
982
983
984
985
986
987
988
989
990
991
992
993
994
995
996
997
998
999
1000
1001
1002
1003
1004
1005
1006
1007
1008
1009
1010
1011
1012
1013
1014
1015
1016
1017
1018
1019
1020
1021
1022
1023
1024
1025
1026
1027
1028
1029
1030
1031
1032
1033
1034
1035
1036
1037
1038
1039
1040
1041
1042
1043
1044
1045
1046
1047
1048
1049
1050
1051
1052
1053
1054
1055
1056
1057
1058
1059
1060
1061
1062
1063
1064
1065
1066
1067
1068
1069
1070
1071
1072
1073
1074
1075
1076
1077
1078
1079
1080
1081
1082
1083
1084
1085
1086
1087
1088
1089
1090
1091
1092
1093
1094
1095
1096
1097
1098
1099
1100
1101
1102
1103
1104
1105
1106
1107
1108
1109
1110
1111
1112
1113
1114
1115
1116
1117
1118
1119
1120
1121
1122
1123
1124
1125
1126
1127
1128
1129
1130
1131
1132
1133
1134
1135
1136
1137
1138
1139
1140
1141
1142
1143
1144
1145
1146
1147
1148
1149
1150
1151
1152
1153
1154
1155
1156
1157
1158
1159
1160
1161
1162
1163
1164
1165
1166
1167
1168
1169
1170
1171
1172
1173
1174
1175
1176
1177
1178
1179
1180
1181
1182
1183
1184
1185
1186
1187
1188
1189
1190
1191
1192
1193
1194
1195
1196
1197
1198
1199
1200
1201
1202
1203
1204
1205
1206
1207
1208
1209
1210
1211
1212
1213
1214
1215
1216
1217
1218
1219
1220
1221
1222
1223
1224
1225
1226
1227
1228
1229
1230
1231
1232
1233
1234
1235
1236
1237
1238
1239
1240
1241
1242
1243
1244
1245
1246
1247
1248
1249
1250
1251
1252
1253
1254
1255
1256
1257
1258
1259
1260
1261
1262
1263
1264
1265
1266
1267
1268
1269
1270
1271
1272
1273
1274
1275
1276
1277
1278
1279
1280
1281
1282
1283
1284
1285
1286
1287
1288
1289
1290
1291
1292
1293
1294
1295
1296
1297
1298
1299
1300
1301
1302
1303
1304
1305
1306
1307
1308
1309
1310
1311
1312
1313
1314
1315
1316
1317
1318
1319
1320
1321
1322
1323
1324
1325
1326
1327
1328
1329
1330
1331
1332
1333
1334
1335
1336
1337
1338
1339
1340
1341
1342
1343
1344
1345
1346
1347
1348
1349
0.4355783432354596 0.223202441625816 0
0.3232175834086468 0.2991377264594507 0
0.3176427123853509 0.1075895154902192 0
0.1069466089153816 0.3133240414621641 0
0.1154086966160061 0.08928123689853895 0
0.337553239583613 0.2135478116029141 0
0.2382641899912989 0.3251546032456722 0
0.6392055912008736 0.2098734907007881 0
0.2370326080905593 0.07791985180067024 0
0.07781714976963393 0.1646082326534384 0
0.08296171516293378 0.2355031755604151 0
1.000150861086855 0.2050055999118742 0
1.99721668588905 0.2007562939438114 0
1.207347606679691 0.2073047337797524 0
1.408214993987636 0.2035786408396514 0
1.786221444180284 0.2018217434912272 0
0.1678375039086872 0.3060255405097634 0
0.8202176717202215 0.1814638140922828 0
1.6051351152038 0.2178014924159296 0
0.1686758891431894 0.09673824521728792 0
0.2688755916353306 0.2771517321781659 0
0.2621663281135272 0.1197714508109802 0
0.2999573635061339 0.1690669159538783 0
0.1240124849855947 0.2603306822593244 0
0.1276745498946897 0.1381286507916498 0
0.4296678717034039 0.1116529803734221 0
0.2086637405587478 0.291777616806042 0
0.2935059827911551 0.225668494185223 0
0.1084881421530065 0.1924469758763275 0
0.2077946247200582 0.1094543429388277 0
0.3702434587242052 0.1508670396909965 0
0.5407741841056729 0.2829244751411944 0
0.5528358916891659 0.1198098364146116 0
1.105390964219885 0.1277920350814143 0
0.7401828246905772 0.2834543117813097 0
0.8983450907088201 0.2822752043909902 0
1.10267230099935 0.2819001056306788 0
1.307622820487647 0.2816514347834795 0
1.304614846920543 0.124596910027829 0
2.081624441065106 0.286885634550108 0
1.890962775257384 0.2812298903823753 0
1.890854460631372 0.128731342434436 0
1.509246886354271 0.1297404962393084 0
0.414659375326332 0.3155077578175354 0
1.684619665204511 0.1244305629650509 0
0.1170318644757828 0.2231781572132024 0
0.7215275744663692 0.1177139439434693 0
0.1906816583326423 0.3548311767295826 0
0.9201304672301206 0.119294903852865 0
0.056393658011817 0.1071883890204148 0
1.696506217177629 0.2865377236860028 0
1.496804946247445 0.2890811538603518 0
2.085775372247723 0.1098140842480958 0
0.05685846501551622 0.2858256093812067 0
0.2945197827091458 0.3517823745610301 0
0.1443185676743272 0.3504171484671236 0
0.161351840114821 0.2722267932913082 0
0.0578174294965938 0.3436657673079269 0
0.2884785301942173 0.05496538207768486 0
0.144044539624383 0.05122934531814233 0
0.1935624013146953 0.05357695392389895 0
0.6432716627555244 0.3064497235227102 0
1.202214805654207 0.1025744922370174 0
0.1615649010409287 0.1280929874534739 0
0.9982394157809494 0.3081885684433591 0
1.203989029441301 0.307662993120112 0
0.06727674305543108 0.05514210286836365 0
0.3755942707002173 0.2657157985741136 0
1.785412684488672 0.1019128441290812 0
1.407200957586485 0.1024876337174875 0
0.237451808525244 0.2700674055342642 0
0.261414594598773 0.2504016552345539 0
1.981906516002589 0.3191041729204219 0
0.3537281741114047 0.3508305391488082 0
1.011390576307976 0.0942866997303161 0
1.794733748339291 0.312538349691566 0
0.5197565566732486 0.2019551102094082 0
1.40286602055786 0.3110087092754376 0
0.2714327147068113 0.1614448051664862 0
0.2836461788868426 0.190752259139411 0
1.984119503251067 0.097031565726841 0
0.2368486964067204 0.1310609378770496 0
0.6386219094479795 0.09016184678974305 0
0.81713219266528 0.0917612599725995 0
1.590166251953855 0.3165195306663751 0
0.1304735364496565 0.1614857890859185 0
0.3433887176276518 0.05363542087952732 0
2.112190739973243 0.2045135639402298 0
0.07296675553429736 0.1997547932208718 0
1.59778579281452 0.09306599568764264 0
0.3272917746366296 0.2574058204161462 0
0.2319113406838308 0.369999872067683 0
0.8204043369119304 0.3185531906498934 0
0.195488316407237 0.2736172829993507 0
0.2918713355554938 0.2601304005251062 0
0.03446225769109244 0.1733596410007191 0
0.03717862270789311 0.2286930285548979 0
0.4878369117115925 0.07842010599359091 0
0.08867720682098033 0.1246452421720978 0
0.2749444654933993 0.3207908745855962 0
0.1327866894787834 0.2945306648284862 0
0.7230032207536814 0.2012871529339298 0
0.9014845544034386 0.1989867129985438 0
0.492273255305115 0.3273095795418912 0
0.09930139464005802 0.3548927153148097 0
0.1948206602837596 0.1279056149762393 0
0.1435122361506035 0.2448721487566551 0
1.084792655718246 0.2088552470903546 0
0.2059652382523406 0.3254806259375593 0
0.2524251444673419 0.03848432583689196 0
0.08898267416123203 0.2701887325225249 0
0.3697651975023414 0.09806379758695459 0
1.517462774713669 0.2092015766885173 0
1.673023175268602 0.214943983494308 0
1.285821508977701 0.2077807402562825 0
0.1371576528522553 0.1072894133191474 0
0.291897340671448 0.1390789057099504 0
0.3844517017921039 0.1977892647574472 0
1.870839631455695 0.201979511033651 0
0.2693321014985738 0.2217253233424943 0
0.2703039804572657 0.08760252274439531 0
0.2371393421420996 0.2973442313903672 0
0.4667314999475254 0.1663952405924547 0
0.1484649518573794 0.1495672814777393 0
0.1092708540187845 0.03637787335274266 0
0.1070661979985237 0.1547701551546964 0
0.4772052252648203 0.2698253657001516 0
0.1296397361626307 0.1923628621008528 0
0.329933351178721 0.1448952614100923 0
2.134852793490367 0.3379845787220376 0
0.2151193946934582 0.2707855117984446 0
0.8043977570896411 0.2578458973612131 0
0.2502204963656136 0.149323284636372 0
0.4109252311092195 0.05639631831869659 0
0.05400536504353368 0.1448000504524999 0
1.138943842718248 0.07129115561136755 0
1.265835067291346 0.06942420454233247 0
0.2337322071259986 0.1059966431646994 0
0.5845357129306438 0.340312030937505 0
0.704321593443023 0.3354778349998443 0
1.266465049225571 0.3410128068361269 0
1.066367389048841 0.3448528424845944 0
0.3692148380334309 0.3103648528091542 0
0.3087560313148017 0.2025132548493381 0
0.334434188443168 0.179966697806579 0
0.5766981413246486 0.2267808838084691 0
1.073700735991307 0.0695258058588487 0
0.9391121351732596 0.3407528750158536 0
1.851939889090187 0.06471459583202373 0
1.140530579616729 0.3403778972327776 0
0.2143341378766561 0.1303619190106831 0
1.470289568134702 0.06975299369671091 0
0.1640158328941824 0.3757207820761847 0
0.8784942753614603 0.06487017868896854 0
1.347676393543166 0.06671491334286954 0
2.129939987905911 0.07011316702174727 0
0.2595665001276463 0.349799126298566 0
0.6118189970985443 0.1444486942100758 0
1.72698539933919 0.07489514627525601 0
1.858030027362029 0.3419747342353381 0
1.141124726498902 0.1847765164920624 0
0.5464506065441755 0.05864245642937111 0
1.65540357304658 0.3421440752799371 0
1.335267709036634 0.3467094065690924 0
0.09603480514129474 0.2132898966110958 0
1.56599612511534 0.155659925912952 0
0.6827238125087912 0.2544139978016227 0
0.9533558833274653 0.06245600221791623 0
2.045539893290383 0.343939488197025 0
1.245377605687233 0.152610571130709 0
0.195365089660848 0.08242353351684314 0
0.1427082892145522 0.08014635626626787 0
1.245811401413745 0.2575237053408166 0
1.920564347554534 0.06510617794442594 0
1.043867156239886 0.2592271640149486 0
1.924627693901044 0.3437070591690674 0
0.7546666860899277 0.06412359622706608 0
1.930880074841852 0.226668607920661 0
0.0381540035585106 0.07652159867267613 0
0.4179082059232546 0.1611470383697858 0
0.9564413130851607 0.2544664371557064 0
1.156764466953309 0.2528343559422285 0
1.348855928675218 0.1813958771649377 0
0.2948853879565089 0.2916593778954339 0
1.037069726420544 0.1501693344207846 0
0.2427164148344456 0.2518721539363249 0
0.6962238280723877 0.05795697894099546 0
1.730790752698296 0.3434316945790012 0
0.1690584555884486 0.3367392995092879 0
2.138248424745816 0.2623124691769457 0
0.2653879611758124 0.1801647788294716 0
1.461735252331633 0.3431224693586289 0
1.538750682211743 0.06396502051363015 0
0.03370888254896558 0.2607451821306346 0
1.362965362381487 0.2534628062391974 0
0.07351499196387248 0.3160188941365739 0
1.450683263620744 0.1524357964415755 0
1.94662529584065 0.1587156259504264 0
0.1457977572832647 0.3200040183567164 0
0.04020976660510924 0.3143642866362331 0
0.9752875306148745 0.1436030113568668 0
1.658236201444905 0.06293681083591016 0
1.829014572008455 0.1511750930976148 0
2.046297320924803 0.06839268085885972 0
1.748326878050642 0.1486725614501126 0
0.8592340584561857 0.1324861823365108 0
2.054039415303663 0.2302928388054871 0
1.530555349279843 0.3445781657507446 0
0.2880217791450235 0.1094770408507363 0
0.1057773549158798 0.2454067790464946 0
0.1107496107470114 0.284738200309828 0
1.637165259651388 0.272739692812923 0
0.07848877475001902 0.08697984986729455 0
0.6701889898929247 0.1525741769223435 0
2.135615843104257 0.1440282605950869 0
1.826301477944809 0.261285371495354 0
1.438482993109225 0.2610956557502566 0
1.756567159202754 0.2612393981578662 0
0.06304025006921944 0.2570985383707515 0
0.7772385471038976 0.1383526917753435 0
2.013352823871889 0.145104936281361 0
0.7649873004174147 0.3481908827814916 0
0.1356004137102062 0.218662549772382 0
0.1247302367632555 0.377653457317141 0
0.1853617524364304 0.2923662905996173 0
0.8730033400508803 0.3455558495787439 0
0.16938304082864 0.03522928505116817 0
0.2233826692172474 0.05131036121882066 0
1.633608662879653 0.1584628167336196 0
1.559388978610862 0.2685196233192091 0
0.4240657492588363 0.2695669399569519 0
0.1596207188686568 0.2547077147160827 0
0.1775647337027011 0.2631390101783018 0
0.2804395345869367 0.3794615037588858 0
0.3973614849609612 0.3632817928092011 0
0.1697614522894726 0.06860882970972419 0
0.1143498664598651 0.1166354214747263 0
0.4970970646167066 0.1259101376443964 0
0.2054605161851375 0.3813227754574417 0
0.2185969358335239 0.3460445795604724 0
0.18760811949444 0.1061036058255678 0
0.1784693354143424 0.1369271448151791 0
0.3037453209040078 0.3232353399422046 0
0.1442749829242303 0.2652336530332094 0
0.1214520501419986 0.06644218867341106 0
0.07098607507349881 0.3746735714141711 0
0.8601335236741152 0.2407883679658509 0
0.02936710486380125 0.121270818082692 0
0.5630850036468579 0.1722844695026406 0
0.1415427216712525 0.1292998332223155 0
0.2645452603350534 0.2063773315932375 0
0.2571595148484636 0.2309044965645279 0
0.3684106672598251 0.2311572092026386 0
0.2590659748711283 0.06413854594519433 0
0.3224952220374485 0.3757510024605108 0
0.5971997920955753 0.2822341696360924 0
0.5335569739536857 0.3616963145698606 0
0.2191622577419123 0.09002759409432963 0
2.006986918048185 0.2617950831679213 0
0.2753607406335574 0.1398379685610509 0
0.4480298753130932 0.3563326835874844 0
0.3482719728145223 0.2807284194084332 0
0.4553989872165182 0.04834867734394944 0
0.2198846314071956 0.3107843486416335 0
0.09165135058521723 0.1761475189365304 0
0.1376371563469554 0.1787031181208833 0
0.1183114389365689 0.1771720989358985 0
0.2774362086961614 0.02961784344651814 0
0.3094740078405132 0.03182601658026694 0
0.2595209214218023 0.3019540077463316 0
1.190476422613823 0.05086338484119265 0
1.1561847736823 0.1297014323507008 0
0.6491755567169271 0.3598495210293359 0
0.2990504555172765 0.08266788356355924 0
0.316842200326058 0.2281247100460798 0
0.1216629908436421 0.3335021642163633 0
0.7752397795321658 0.2092822447201417 0
0.1192767721467973 0.2094654610466492 0
0.08762457079575502 0.2951269952138267 0
0.276345246230212 0.2392992989221389 0
0.03479361358678298 0.04015427285729476 0
0.6033927295708782 0.05000881623628126 0
0.1874659973727618 0.3149042772723905 0
0.02811019598276457 0.289165326179829 0
0.1244686715999808 0.2426532980796562 0
0.1636471581810883 0.1452180091498228 0
0.1303745193419508 0.02679510625376672 0
0.04620987170523646 0.2021602235082177 0
1.46470419716409 0.213714254296202 0
0.09435232018507118 0.06390319868618005 0
1.732560306290958 0.2138077346005411 0
1.199775365239541 0.3604938630395213 0
1.941437025734616 0.2810219732974099 0
0.4809069007670309 0.2254129138423464 0
2.059247699100557 0.1788273076502932 0
0.03283577387216337 0.3677961004635995 0
1.000411896681915 0.3611155931656426 0
0.2277265398379304 0.2857617019249043 0
1.360429106403525 0.1277376693695563 0
0.2275095685755829 0.02234100531360415 0
1.428778067719088 0.05429651928084919 0
0.09075642306353608 0.1050325268825436 0
0.2310539839838723 0.141855048823779 0
0.1429255085050213 0.2334278049058625 0
1.784155993817526 0.04901633797274626 0
0.2855414956562763 0.2104126304486754 0
0.1768013893157462 0.2820507541617042 0
0.2545789354742548 0.2614861525060533 0
0.2258438145413447 0.2600098978021242 0
0.948545845919713 0.1896234934883279 0
0.1555405536766033 0.2932692626963183 0
1.001937782699039 0.04929555626587113 0
0.2563220584452038 0.1019838453119647 0
1.788094313823186 0.3599477082142884 0
2.15417026661334 0.2175067981043691 0
1.394940624080529 0.3707706354613755 0
0.07553170795999795 0.02168687926474624 0
0.178454687217418 0.115555774457385 0
1.983607379725729 0.3630851547675094 0
0.2568525887450134 0.1712472275433861 0
0.3602729066212701 0.1926818988363681 0
0.5231480913016249 0.2508569101274122 0
0.1394662658110948 0.207158896569636 0
0.2499598311441137 0.3873532197116281 0
0.02607212315301555 0.1556307155282589 0
0.3187862220856968 0.2722471354876848 0
0.3969074879615935 0.1203719344288362 0
0.1473624786335804 0.1621526648010263 0
1.193591578452361 0.1562582384082707 0
0.5878412614330868 0.09312607064709671 0
0.06167331157522062 0.178494010903198 0
0.2478050029846756 0.2855521351262542 0
1.981551340682136 0.03560671536303471 0
0.352037231271407 0.1182253582904421 0
0.07144769101344046 0.1417403926583483 0
0.09980854450167616 0.1375371772723856 0
1.116817234094048 0.2373653837097521 0
0.4022983745312918 0.2412239955267456 0
0.0635330663980495 0.2233140346332483 0
0.63745169250092 0.2500495953615042 0
0.3354017867047398 0.3314162676873446 0
0.4545534334233017 0.3063850737728484 0
0.8321993455769928 0.0450515274161322 0
1.058033578843218 0.110166078548544 0
0.02238920414801743 0.3458002942815841 0
1.583316155322109 0.04667360633229442 0
0.1545848619048664 0.1099862581422226 0
1.904660526039962 0.1728270320329404 0
0.2261785839550217 0.1192728021286262 0
0.3434239490168102 0.2374227419656671 0
1.320053305242807 0.2356756174749313 0
0.6447472173320546 0.04716471304493674 0
2.154854150185323 0.3041047497909698 0
0.2021960251518121 0.2635505587031809 0
1.405394884090309 0.1599950251003011 0
0.09234585298594257 0.3308273320905689 0
0.3777000021082639 0.03693938292141451 0
0.8570729638007698 0.2825644869855606 0
1.590166251953856 0.3653296618865473 0
0.5168886457720107 0.03856868548904014 0
2.087835728834495 0.3628863697384555 0
0.2089916480776844 0.06960077418355483 0
0.2472425561743798 0.2386735217277494 0
2.036595921425292 0.2981729800240246 0
0.1037681320516827 0.3886427203941341 0
0.2767093189315392 0.2627204342954319 0
0.2609427656176181 0.1947191629961136 0
0.2796118553580801 0.1765349433499573 0
2.087390314487333 0.05325327146604938 0
0.6697268562041113 0.110052193165119 0
0.3186941710249147 0.05900218160975859 0
0.2369457254696083 0.1525937169369294 0
0.9113561946206407 0.04450172470091854 0
0.2476329131731252 0.1174740035803852 0
1.305346433208383 0.04316234985688839 0
0.2617965284159475 0.3305135166373238 0
0.5204768010037583 0.166225939046082 0
1.637780138578748 0.1171685080333692 0
0.08684965077750674 0.1499864825168473 0
0.1869088520334464 0.3368984419328853 0
0.2020084590093361 0.1352281838883598 0
1.692359907758261 0.3637635255060294 0
0.8041363701442185 0.3646425028963503 0
2.096054417500724 0.2453940276292117 0
1.100772236469746 0.3638605137600846 0
0.7376796532879811 0.1576286708015846 0
0.6834040874105559 0.2971657412770685 0
0.3482542485197346 0.08038298587142373 0
0.7899548374044459 0.2917603110522293 0
1.562645678008536 0.1143522768692378 0
0.09210484453546237 0.1943861280111849 0
1.851212749976988 0.2982795483143046 0
0.4677590760667932 0.1031734022622222 0
0.1351563486738006 0.2794284377425258 0
1.499731063567645 0.1715913014682797 0
0.915424957825658 0.2390961341111915 0
0.896939294871555 0.1552025056449664 0
1.350793368672605 0.2976377036628143 0
0.2193135937028603 0.1433440874928389 0
0.2007505576167 0.3111963152851192 0
1.933793468129714 0.1126078683453932 0
0.1225134230537371 0.1521007150610211 0
0.2469165790384404 0.1632407591656025 0
1.696566912628519 0.1636353463561414 0
0.3142066303436569 0.1292462140452266 0
0.3025867712798078 0.2477636634972213 0
0.1837732581090012 0.3865510912629224 0
0.1274592778467138 0.315675140349035 0
1.144854409381204 0.2960851261444546 0
0.1059605588971705 0.2642409107245859 0
1.109733745277055 0.04162717667707914 0
0.9401454579879195 0.2938768094655571 0
1.245897280704608 0.1085274030148192 0
0.5964348411912473 0.1968173834105078 0
0.1716821599471389 0.2532106406045603 0
1.299623452335289 0.3638664187701176 0
0.5071407618882774 0.3003365630691042 0
0.7912853816429819 0.04241943165860485 0
0.1040196335827096 0.2281704161757254 0
0.9709587559921186 0.1040734235346429 0
0.2435933223947851 0.3490469864472417 0
0.7444442358164445 0.2381662346528994 0
0.6810460215627614 0.1937899451625862 0
1.063036117928632 0.3006084842789951 0
0.2589940317892673 0.2179919066724456 0
0.1709009402959707 0.356524194582608 0
2.160356735398583 0.1050909115979631 0
0.8594957785833027 0.178995744138791 0
0.2521509994605893 0.1344177998514077 0
0.1904713528669046 0.2615076644306581 0
0.4202774291085873 0.193579610542924 0
0.396156827293965 0.2909043874785584 0
0.1344892724894384 0.1494546983055432 0
1.245235644152663 0.3013637433383221 0
0.4038057639305204 0.09176110089046943 0
1.724844897238168 0.1139191147559314 0
1.884780230858639 0.04634615779071433 0
0.2984023094900589 0.1873080860728498 0
1.223880065069396 0.04098502930439388 0
1.563293251456365 0.2010613886571281 0
0.4999833726831386 0.3787043462185004 0
0.1551050381390368 0.2439351694114555 0
2.159052554860465 0.3685839630172902 0
1.705209212894296 0.2441556360334706 0
0.3076356589131253 0.1506368352196563 0
0.02433439235499434 0.2413725254926242 0
1.494205687860552 0.2432049142557698 0
0.2918318639024196 0.1549266362199446 0
0.3137227975557195 0.3414930884046477 0
0.2754137382569206 0.293546918232551 0
0.3461577973752664 0.3808702560771335 0
1.504237935498603 0.04061474899958935 0
1.469224766911234 0.1146736599368165 0
1.201710803798707 0.2465514009132647 0
0.1236166073718675 0.3535494408257793 0
0.3006701046780286 0.3877619686820135 0
0.4383145357492429 0.07673418435813262 0
0.5331542406051694 0.0926714865468944 0
1.64050524537654 0.2308098006994989 0
0.2073632369886461 0.03386827198304986 0
0.8190236217766872 0.1283321978630919 0
1.100494329186444 0.1722407631253198 0
1.003062287468632 0.2461516128314348 0
1.43873333105107 0.302424866242873 0
0.2301341422427607 0.3904114131308952 0
0.1323421124265829 0.09263498792264938 0
1.753876175789364 0.3040565388376807 0
1.038028644537403 0.034467906711416 0
0.03627978920930656 0.1000763226450305 0
0.2123967665128941 0.3622376403662432 0
1.850486613703389 0.1128373374952512 0
0.1897961108949116 0.1379567110841498 0
0.6133284883467187 0.374362092908525 0
0.09001146405842789 0.251835208009735 0
1.2335945066371 0.3750520495324267 0
1.040240749644408 0.2158321777288663 0
1.789202104518893 0.1620877077427338 0
1.386669340033334 0.03484473516767152 0
1.248434240109409 0.1941079919452471 0
0.5479927134968683 0.3247606931936232 0
0.2466960399218477 0.3102605504485653 0
1.494771250483742 0.3643065774865613 0
0.1452761881522195 0.3899540165539113 0
1.88965260925878 0.3629953396004278 0
0.05857641844644568 0.08679627150385573 0
0.3665329153835805 0.06818521377345729 0
1.304766621631586 0.08535819198755733 0
1.285861988682151 0.1630739532134519 0
1.824023189341899 0.3754290377702634 0
2.020348555819063 0.1090475282094374 0
0.05924420415439758 0.1620273919471348 0
0.1283483210964986 0.1205137470379677 0
0.2059851832182369 0.279198370865802 0
0.1308306642462135 0.230944227443815 0
0.39227334765888 0.1707870429710353 0
0.279006749473415 0.3394448209712709 0
0.3353965366715188 0.02743553181285681 0
1.81845260999808 0.03408254600523212 0
0.2215352415434331 0.3228176099809472 0
1.551525798367362 0.3053506066570284 0
0.7301886045863679 0.370011852529231 0
1.628885502184164 0.03522605285106928 0
1.887691713348625 0.2375633233300075 0
1.170228683945468 0.2152287127141427 0
0.9645836950429972 0.3746142463233421 0
0.7572622195914989 0.103880752427369 0
1.694274870839098 0.04106476732254303 0
0.2537550730867274 0.08429813602286967 0
0.7288346822094873 0.03749872679524332 0
1.099934027786598 0.3247039770990475 0
0.07308985433762377 0.115368797220935 0
1.825537777214328 0.1919595848588744 0
1.304435865615641 0.3234465582299249 0
1.107993327665467 0.08687307088081607 0
1.07894038274524 0.2453745323351154 0
1.597298256354235 0.2785565825796976 0
0.01689703093255138 0.1738208600148616 0
0.0282750418178467 0.1953258074551704 0
0.0192883736905482 0.2176562923558114 0
0.2828268239009968 0.2785358882533779 0
0.3797438566349695 0.3403889513359137 0
1.972033654245284 0.2374734140046801 0
0.9380562360379797 0.1543879200782206 0
0.240286580383949 0.06058620916588026 0
2.167832462904557 0.1796014883779114 0
1.035049010845219 0.3754557783335349 0
0.4436041531661947 0.1414342376092097 0
0.3465750764306353 0.1621614822707187 0
1.432735948942224 0.3740740653240299 0
0.07661604440077135 0.1839497515340197 0
2.097006781872676 0.1707352218287791 0
0.140848302344032 0.1941740662869052 0
0.6410976958186557 0.1282151136411072 0
0.2695319939768872 0.04695479455445246 0
0.150096091134356 0.02031330965418521 0
0.1251767234713494 0.04713401414971332 0
1.373386024386781 0.2116673311105684 0
0.4594744618151219 0.1990472281996231 0
1.283480764131222 0.2461463976161915 0
1.630411503196526 0.3744464926533131 0
1.532583497199671 0.1676019785246367 0
0.2132986990602067 0.2600891543818841 0
0.4525789771646397 0.2520685157195262 0
1.886541258113694 0.08805756887230798 0
0.9065656721186724 0.3655735133790532 0
2.158947873836631 0.04104577528611524 0
1.866146066687804 0.1631092401116251 0
0.1579956598842095 0.1553915488548998 0
0.7360577294460489 0.3238795918653918 0
2.115355179781486 0.3039463464165468 0
0.04886583210850595 0.02015417789815871 0
0.249693923435171 0.0201429762967616 0
0.8282829635871994 0.2193284951489732 0
0.1516456670166196 0.2779133501903087 0
1.960518979201648 0.1974885571271893 0
0.2030302895541613 0.3407419379325375 0
0.6851939020215501 0.3747872081250545 0
0.2047588134069104 0.1229301874271179 0
0.1445953729544319 0.3688938803771756 0
0.2790254338122666 0.124340533312718 0
0.8513653018046098 0.09707345990556006 0
0.0777202044063246 0.2809889152752623 0
1.888818817801744 0.3214467007651221 0
0.9060476381686091 0.3220105676050223 0
1.163764696036093 0.37455163899778 0
0.3163506254752826 0.18521692130652 0
2.022792652427641 0.3741669095964968 0
1.156167246815741 0.0361692689352851 0
0.05581861936127066 0.2384646220636652 0
1.747421379482235 0.03748815237406027 0
0.567582195274045 0.3761859113842334 0
0.2726867383799564 0.1070139427362271 0
0.07694563664707582 0.3518583970155164 0
0.348462403504061 0.2588156591360281 0
0.1607726344904159 0.3212918493767496 0
2.120202385547627 0.1077697498436032 0
0.1493589488648088 0.09485657746274645 0
0.84726456775486 0.3762834158629165 0
1.504306721983074 0.08558729363281302 0
1.629122374475622 0.3112227691291738 0
2.078324668384634 0.3234716973958005 0
0.1611202578521306 0.05218890091799969 0
0.910936429765303 0.08140122939511263 0
1.403142119554035 0.2728687463295982 0
1.690264726067865 0.08686799510659494 0
1.496117894534866 0.3279636046918546 0
1.94667088163383 0.3751789680754474 0
1.943558084584684 0.03510376322115301 0
0.1454768242556119 0.3048226836834612 0
0.6287527532711334 0.3363238449166427 0
0.4786122501463371 0.02686632653270423 0
0.3724792431554959 0.1292650087080242 0
0.2590387798552758 0.1606721044631159 0
2.018502826259634 0.03495626901645502 0
0.3074337552551227 0.2191017687945057 0
0.3224810439911777 0.1653240189945741 0
1.985497922933009 0.1683236169365027 0
0.2219986862736727 0.2969297470383387 0
0.7257977150237888 0.07839507012171211 0
0.4926039679300871 0.1915672604132479 0
0.1988673337914379 0.09821298409633625 0
1.005438524489878 0.1293759470292331 0
0.2878387522799306 0.3088893679152733 0
0.1481195026585085 0.1730650643053741 0
1.60175490013132 0.1335668684941687 0
0.2301428240494492 0.2511627871482753 0
0.05927287854259582 0.1264301345174579 0
1.792309953144737 0.2747711334841572 0
2.036008611531973 0.2026171502403046 0
0.554646832314309 0.2021989847178772 0
0.07851699304927746 0.2183620510120681 0
1.693406394910246 0.324740048835763 0
1.553527598406662 0.3758614110549496 0
1.22295567623557 0.3359237485158879 0
0.1117334180902406 0.01740444367547697 0
0.1055426523590772 0.1695383724377181 0
1.600679457470186 0.179097575844851 0
1.004965879457141 0.1673406644136216 0
1.354956767359605 0.376844476176344 0
0.225597360686067 0.1332913879998792 0
1.169710067067255 0.09704072928327299 0
0.01655608625411103 0.1062147280337541 0
0.7830292208211939 0.1753221495500832 0
0.8859665540345368 0.1080193327446362 0
1.809974464565544 0.07814984526154915 0
0.4304759227828047 0.03348653411540624 0
0.6328401382302477 0.1704398359854057 0
0.3206084938672561 0.08144020269014442 0
0.9800413735139978 0.3369787666048104 0
0.2489132440504972 0.3661312553101441 0
0.1709698026114894 0.2930709737491961 0
0.1176685450392511 0.2988417514820346 0
0.2218908355084604 0.1057089524618891 0
0.01745469605811547 0.2730223165445402 0
1.459277170298585 0.0310561720068088 0
0.05615490937078004 0.3059307383791138 0
0.2781305859496304 0.07050905124253455 0
2.168906523931696 0.3351863209127587 0
2.174673673048566 0.2472018121469443 0
0.3440515457716847 0.3049342446623763 0
1.024340417029731 0.3309387433801448 0
0.5572908231098572 0.2518900711695633 0
0.1781151761918857 0.08205054103457188 0
0.1086581303741968 0.2158290466787537 0
0.1054189734989197 0.203577125239339 0
1.227920987256825 0.07718997775172004 0
0.7010742723643606 0.1676449015261155 0
0.6685706876319893 0.331723069477163 0
0.2414439803372808 0.1418501576251075 0
0.3672151745260922 0.1731735572517362 0
0.1519459558833706 0.3353987951986545 0
0.1602537919125836 0.08137975131880391 0
0.1302405363989815 0.2115990104876676 0
0.2940840485859189 0.01870684307107627 0
2.075737954069521 0.08372619883097278 0
1.265068242921475 0.03071431674072294 0
1.950284518718671 0.3114759173847526 0
0.138043592154842 0.2567777385394456 0
0.9675772799344072 0.02718282851795685 0
0.226230346173507 0.2712912847239393 0
1.663402397582668 0.2985520273006968 0
0.08622868277527494 0.04555793310289986 0
0.8839969174524005 0.02693352994462216 0
1.669301917991853 0.2579564773378167 0
0.05030297325776054 0.268702165136897 0
0.4239531013514979 0.3809733715671059 0
2.123636729108605 0.3739168134299892 0
1.753251801811609 0.3766080166616348 0
0.1829260885458414 0.2551988771319412 0
0.9690066544497298 0.2190453466345217 0
0.1813388566694304 0.3685514114964729 0
1.37275763736383 0.09960735030543517 0
2.052161099598423 0.2641510266380952 0
0.1663022473345851 0.2630796643833352 0
0.2784302354613437 0.3600988226006237 0
1.178968897135896 0.3287183473897299 0
0.3266180279254493 0.1996542356446977 0
1.037593757195294 0.07599407875843454 0
0.5765553850786853 0.3049408752806969 0
0.2545431890958293 0.1818559299319124 0
0.1526239382363526 0.06646052102315446 0
1.345819390414988 0.02894439967348588 0
0.1540168941955341 0.1362658219635387 0
0.5791749344723326 0.140891139743463 0
0.6122489075271407 0.2264598121856841 0
1.073280081400706 0.1420051194496749 0
1.075931316253294 0.02961973311706248 0
0.7706659126689278 0.2683285539925733 0
0.05714488428539458 0.324263192658377 0
0.09378540029799175 0.1630101523398461 0
1.822365546263301 0.3337310324559795 0
0.1956195881097731 0.2856445057579565 0
1.336325570842957 0.1027742495651549 0
0.3727881361088071 0.3681379118356344 0
2.01273555872215 0.3314643584584644 0
0.5807238053415836 0.03311099169071063 0
1.763869615655835 0.07576979035342679 0
0.8552477015915977 0.3205657043325565 0
1.439211200633458 0.09140272716238705 0
0.09613112975292117 0.0848834191835641 0
0.1826391064622531 0.1453532579891552 0
0.7055648388745773 0.2321112844076958 0
1.417582584608618 0.3391285714747369 0
1.543608812960046 0.029993875373675 0
0.4380300370794383 0.3239133324859517 0
0.1663718740500183 0.3937957460077952 0
1.271887096989123 0.1299922767025682 0
1.859091062091615 0.2604628748176817 0
0.1736332990157003 0.14705811668805 0
1.271617942404879 0.2794465992677359 0
0.4080861352581902 0.2163685164774783 0
0.08999316793680366 0.311373650436458 0
2.061323805528502 0.3804464532161469 0
1.541075070050279 0.2367538904098831 0
1.979373398505993 0.1323364670949697 0
0.02109879778929328 0.3886359033432715 0
0.2922890640749312 0.3698233489481497 0
1.957591364795156 0.07322381117289024 0
0.2650834366158648 0.2392126988010468 0
0.02183010279860655 0.06018963527244643 0
0.1189389434842987 0.164737073774127 0
2.120601232022055 0.03567833214007479 0
0.3505305759157012 0.1386929242107433 0
1.023302903139872 0.2881953944134308 0
1.116310587847505 0.2039888772879794 0
2.054744294646036 0.03132044426827281 0
0.2428338847465116 0.09506086104348783 0
0.2817357966721782 0.2515571317730629 0
0.0177785802641781 0.3209374738065819 0
1.439792691624781 0.1871319399709917 0
1.233180699870111 0.225915261820426 0
0.01891555900509144 0.137677538828674 0
1.401035747649023 0.2382788546186197 0
0.6673802195518083 0.2245033938393064 0
0.2605554924225168 0.3155019133536292 0
0.3292868424130231 0.2828960029329964 0
0.3703617456108788 0.2870958274094637 0
1.316379715657326 0.1877560997333666 0
2.003072697057889 0.06989452945119311 0
0.122555574428854 0.1047155283947351 0
1.374484330688391 0.3333706831860765 0
0.2330744856160298 0.3113042316035974 0
0.6770612413890044 0.03260785594614924 0
0.2901490980773344 0.2413565149055865 0
0.6572012236793062 0.2769399436430155 0
0.2164228673451117 0.2821991586144836 0
0.4413198134190922 0.1733138354187964 0
0.1453296684290709 0.217335563309953 0
0.1028875341637013 0.2980895713455585 0
0.4700905053577445 0.1356340323142256 0
0.04313884598864121 0.158063401806403 0
1.218048044851278 0.133323199054127 0
0.3084766587164918 0.2597192676128594 0
1.758078479055999 0.1892482314658223 0
0.05861865679138638 0.06777082778612073 0
0.1865832665701845 0.06867000288141273 0
1.810831607146352 0.1210288966107955 0
0.1644413605491462 0.2459233689579756 0
1.66317678780367 0.3800708186878559 0
1.131029243886018 0.1475112400759941 0
0.1139192145008593 0.235858351864192 0
1.056834861770243 0.1824207027422848 0
0.1199400221749764 0.188121031947806 0
1.667591597368242 0.1781029560163775 0
1.134869592310404 0.1083973327308668 0
1.798447640440604 0.2347823845245625 0
0.9835147071721185 0.2793308199693847 0
0.0400612807823388 0.2449942016653426 0
1.563916098039095 0.3413555097955095 0
1.217688403346637 0.2787683200328226 0
1.270101941533627 0.3799862550277342 0
0.7121204540182463 0.2679711642033402 0
2.056879787077117 0.1456678764815333 0
1.182084415666297 0.1833040290917829 0
0.4947508530473227 0.1551402437833447 0
0.3590453308723405 0.2133292645206681 0
1.180526543222949 0.2855098275582865 0
1.333103913173827 0.1495852831225778 0
0.9844107495816499 0.07752792043718659 0
0.3944024433025891 0.1457148178433781 0
0.07232880828060505 0.298927995709112 0
0.7870853831195634 0.07930145805683665 0
1.619053990925288 0.3419325059230693 0
0.114425151930432 0.1299878552775881 0
1.66146038095305 0.02784552620190449 0
0.2756012119757549 0.2003126095421039 0
0.6065223378485445 0.1128634026941578 0
0.7605212015006089 0.03225804838738135 0
0.7868245278181404 0.3255663383507258 0
0.3564795839146922 0.3294085765478273 0
0.1944323368916872 0.1155999001639343 0
1.972001798665534 0.278807569845301 0
2.172761008281479 0.1417441321141289 0
0.1174940261120351 0.2501873347521892 0
1.524195171649937 0.2698432260559263 0
0.8206376251044785 0.28204653262486 0
0.1371855604404175 0.06660809333021876 0
2.078523817633815 0.2090903439164219 0
1.130277102856978 0.2670462428567785 0
0.2917801607048898 0.1995044707378303 0
0.2149913990934213 0.1175456407934288 0
0.4530629023682544 0.2813561608815592 0
0.2371082972218158 0.2438713892214409 0
2.020037812673589 0.2299433244278985 0
0.1525746816153604 0.0368064358858614 0
0.1214470830037802 0.2740236938487396 0
0.2790794869434264 0.225762964283302 0
0.6682201051478999 0.0719221676736202 0
1.72141028146493 0.3110305834639099 0
0.5178472867623886 0.3318754370147465 0
2.125165962208281 0.2324317147126891 0
1.91842705105424 0.3004936328892196 0
1.625710988233962 0.07271425417681147 0
0.941122656864938 0.09384064123135658 0
0.05217578667469244 0.3887085724043081 0
0.4180993688378411 0.1359934950883352 0
0.2246887571546428 0.06572093619204729 0
1.77389519390464 0.1309718279980552 0
0.4680103635821741 0.3828693586849483 0
1.427161588442646 0.124865372638755 0
0.1526539779547952 0.1230024785368339 0
0.07694708747697022 0.2621944724940031 0
0.1451868873244418 0.1835969370367031 0
0.1488738782860721 0.2556526345544032 0
0.1551171042881779 0.2646126508539603 0
0.1558924641680899 0.1638018808270363 0
1.381404247721194 0.1830984548620665 0
1.567952389712633 0.07798582509780462 0
1.76957311380688 0.3335367000990647 0
0.186817599527555 0.03754430569507071 0
1.860298239121336 0.3799626931940876 0
1.843118705705752 0.2292295270737395 0
1.434852379555674 0.2268737709047598 0
0.07146102572188831 0.1002731668990087 0
0.01880333030342246 0.08352122283514461 0
1.760983667087409 0.2238349084928753 0
0.07155375907577585 0.3333267166417925 0
1.335358714196137 0.2671068905401056 0
0.1680796065652929 0.1093697335434443 0
0.1079838223707232 0.3401322191832745 0
0.7661745276367651 0.3805690476414145 0
1.918983437660425 0.143220467190799 0
0.6214408108296331 0.0267422536407924 0
0.3958522958805759 0.3864786152423883 0
0.7518072937760258 0.1877368556334909 0
0.5629731368520212 0.09131281560920082 0
1.072179844508225 0.3808338269156427 0
1.916523701822433 0.2602428063406677 0
0.09583909814507845 0.28253391095046 0
2.131122810323295 0.1781753599462343 0
0.1286731866009243 0.1831637183357708 0
2.167188809722661 0.07346963720030994 0
0.1088279020009178 0.05529212052439771 0
0.1023396080968768 0.119625209326099 0
1.903769810149753 0.2076264110904107 0
0.3068373982953611 0.3026997076660738 0
0.2990808445366298 0.121088853088381 0
0.2849503124763494 0.09260767789648425 0
0.5450819315081524 0.02852554136559083 0
1.465072247422601 0.379697558871287 0
1.636757208927837 0.1965364375340974 0
0.2375282583528227 0.2812877118511398 0
0.1412376780216588 0.1405432571521573 0
2.109347691838271 0.2735938061303964 0
0.4662795677498573 0.07201307532233417 0
0.235311298204486 0.2606698152304057 0
0.8342528763027081 0.1554958951129624 0
0.1370754205239246 0.3340511520536043 0
0.8787150553277524 0.3814825557641426 0
0.3915374015802405 0.317759167002555 0
1.855778180174872 0.02902865992559403 0
0.1526418465727305 0.2345541872745078 0
0.3215970564826543 0.2150106959337018 0
1.394541677336191 0.07107545113055336 0
0.3018324066562926 0.2753060807045793 0
1.727932669980472 0.2748549731493605 0
0.07399903393788355 0.2472215474278706 0
0.1585560508402577 0.3487823277955878 0
0.198582102645509 0.2967525703488997 0
0.402243207451297 0.02655505864336303 0
1.467468027937113 0.2745309224019682 0
0.1780003002529585 0.3209463747624386 0
0.609716610519941 0.3085399698345246 0
0.4005208982643938 0.2634118518697296 0
0.05521866771931459 0.3638492115087511 0
0.1290104105937711 0.1728079898843176 0
0.07815643112402547 0.06909479812087051 0
1.612213018974435 0.2494651831757933 0
0.9358392219075705 0.2135961691337227 0
1.128434375238455 0.3797580099981284 0
1.278600182707441 0.1035797972550213 0
0.2129527362893353 0.3944146976990695 0
0.2083107529124839 0.1421991372053173 0
0.7915859458768753 0.1091800051874655 0
0.6934534763244543 0.1329445618101335 0
0.1833549846063645 0.1271304793743491 0
0.2910944914813682 0.03861690067793009 0
0.2515839646428857 0.2492325049000441 0
0.8737030684529546 0.2144333732686557 0
0.2885909742547851 0.3259293304539466 0
0.4151667359204607 0.3424493287874972 0
0.1243184646388367 0.3959550575094788 0
1.957419397996373 0.3425102544634397 0
0.183066520448586 0.2723069338932074 0
0.5072309990168816 0.2729577201384271 0
0.9495554685004077 0.1260288222292547 0
0.1719039459572287 0.2724481740708899 0
0.1802527599435017 0.3054443408649297 0
0.1364562155677491 0.2392702128566628 0
0.8362896450423385 0.2574963703239898 0
0.04382161155692171 0.1295776573705662 0
0.1098278403645074 0.3685195019587947 0
1.218522937013316 0.1760646746611512 0
0.3425669556090857 0.1945915614085608 0
0.2670972312088111 0.01571562902484125 0
0.1100368713453788 0.07518939912182475 0
0.2055248054757003 0.2560942913531811 0
0.2723094909997463 0.1886972781059633 0
0.3015590996546477 0.09914519559658741 0
0.298355247491928 0.2098421584361144 0
1.184290728486856 0.1292553534077038 0
0.1843135385032869 0.0948336175293313 0
0.2345783445296286 0.03950153133215943 0
0.2670725222671987 0.3919372476553015 0
2.17355524959594 0.2777238062228486 0
0.0948128257901738 0.02483526421293309 0
0.07471028488866222 0.1280760865990293 0
1.580513962511959 0.2454533374299636 0
0.1500372178723164 0.2264430614262377 0
0.2499119314759994 0.2266906077451225 0
0.8521966327517189 0.03064141011910026 0
0.8162412348364317 0.02628494151540318 0
0.06497379604515821 0.2709619401316241 0
0.6279843569880843 0.2809791747135008 0
0.04200159702920766 0.2958896280021435 0
0.523855750275636 0.1312621141905505 0
1.658013873683463 0.1431766788007812 0
0.3086088315200576 0.3630034428558401 0
0.2495914799175506 0.2967906549994887 0
0.2642299171588229 0.1471912563338789 0
0.5043725737667141 0.09925921647343768 0
0.08484419876668277 0.2063772217552563 0
0.3269843474968985 0.3940029242080956 0
0.236856661576767 0.1201431069114316 0
0.8884929518557968 0.2535824463087402 0
0.1947302111618211 0.3706988190625326 0
0.1677431329982769 0.1356639845843611 0
0.1809865273004909 0.01765392225230717 0
0.1301905776851894 0.2020187526079866 0
0.2561946402431322 0.2055346889786969 0
0.2199299950410129 0.3790129299416733 0
1.277539277011651 0.3079132832349963 0
0.3652789709178006 0.2491460991543286 0
0.05915100077520727 0.1941910209622657 0
1.91275485835591 0.02996960838785075 0
0.9278814884821155 0.2669349797334157 0
0.9776528239267334 0.1764773564213927 0
0.1235616553885253 0.2863125496423228 0
0.5969584310096033 0.256248739166644 0
0.2302887537279535 0.33753659622905 0
0.06200742220420698 0.03776807499093212 0
0.325298728286544 0.04324050873317695 0
1.341773504830795 0.2117219536403167 0
0.319514781930662 0.01549018767585496 0
0.1967482168832845 0.3955571861147456 0
0.09514218352151575 0.2386749717278844 0
0.01555716203313935 0.256190336754809 0
0.2467605869248723 0.2723183570268997 0
0.7484269986124367 0.1293940147369415 0
0.8388154060191266 0.3459326513906073 0
0.3865023745916293 0.222009836903068 0
0.2597647405007323 0.288277123854861 0
0.5468158672371702 0.1513505534201587 0
0.4259347608017785 0.2451333051662727 0
0.2089366516705586 0.0843378402527354 0
0.2643570973233223 0.2617045296885656 0
1.71695065456511 0.1426842725699773 0
0.179387476562627 0.346248278188591 0
0.02236302196200943 0.01998026737635777 0
0.1069235497363432 0.1033622236933678 0
0.2654805791130957 0.1701015283118545 0
0.1911676474278143 0.304730226346182 0
0.5819821551288072 0.06714877151232608 0
1.523340789322953 0.3804776662468532 0
0.4290275423019127 0.2952269478919843 0
1.261413687710313 0.2248925377180723 0
1.18824779819276 0.02461384304988287 0
0.1188257039702533 0.1979987014698268 0
1.659322343905998 0.09282362622354733 0
0.09047571865902189 0.3717819246293663 0
0.3565184447562322 0.02273643393415016 0
2.00316695596947 0.2957112935581073 0
0.4913385717798988 0.2492974836731431 0
0.5117985510674669 0.07015849293101831 0
0.177871336397113 0.05263637969654574 0
0.4527616625357023 0.02174030759841198 0
0.03417519308436725 0.1413064590145146 0
0.3206715398551781 0.3174625278486724 0
0.2794753468444812 0.1511203581457791 0
0.01319772416987361 0.2936311065834018 0
0.9241320057617226 0.1803588904140452 0
0.9683336564238286 0.3092221056962471 0
1.479497834427233 0.1445070125069649 0
0.3316324309276396 0.3573694148868861 0
0.09129809813770955 0.2257473206534712 0
0.04711342366582075 0.05625775207463896 0
0.1144250612168505 0.14284732116663 0
0.7155560769465023 0.3018542106751206 0
1.391254457813643 0.1281973934739624 0
0.4802896798953031 0.3543943353795849 0
1.16276820952669 0.1567644108336564 0
0.04980775813062602 0.2188297855440256 0
1.817603855380165 0.2932009090641327 0
0.5335569739536858 0.3896917956467597 0
0.5382512494260165 0.1824912802900148 0
0.2086545245830129 0.05483798725283361 0
0.1041922044712912 0.1820519911891531 0
0.5397502803146806 0.2263909060906208 0
0.3329921017886915 0.1243032038885014 0
0.5726356032059124 0.2755618949967971 0
0.1976962468232511 0.2570533621953798 0
1.380043665212281 0.2917541295427361 0
0.07048068365104043 0.2330710963765402 0
0.2304510984432371 0.3553621203142073 0
0.4795579180347457 0.2982077524981009 0
1.519589570969804 0.3094498988178168 0
0.1647021997820847 0.2818298846932875 0
0.2487880035056386 0.07221024174058281 0
0.3046923367020825 0.2346308164972795 0
0.6105179351268917 0.0767456034874236 0
0.5079173947944284 0.2242467640593631 0
0.7998091343839149 0.204288213406667 0
1.540586349063884 0.1341208406171753 0
0.223704702705064 0.07907146861501897 0
0.3305683873653527 0.2274331624329004 0
0.229936440985181 0.09341939273622564 0
0.21106377238746 0.09793093583593952 0
1.027085381604004 0.1860454188875033 0
0.5947902251903834 0.1656573740789937 0
0.04424429638358049 0.1161007101724992 0
0.126522263364156 0.07838371036881847 0
0.1393895596241901 0.1577884778917218 0
0.138665440717777 0.1676671840148736 0
0.8791141329721035 0.3040291537999362 0
0.3506795072096491 0.1804171756239767 0
1.916852521015826 0.3810473416001111 0
0.02550601902431551 0.3057186312796292 0
1.459942657125331 0.2438839035217913 0
0.2268451972851151 0.1500050792025711 0
0.6491755567169268 0.3886268567288069 0
0.1661577288636715 0.152866979746915 0
0.2664838036805394 0.2299404064117563 0
1.473027036020963 0.3087324810791413 0
0.2827458583066766 0.3943635668560092 0
0.2202210448457556 0.2538938382842635 0
1.735900994594801 0.2431589382669399 0
0.3191260111490332 0.2417857403525934 0
1.756127845493885 0.1064088240700015 0
1.718317686882646 0.3822086262432781 0
0.2709409150619816 0.2508159581191333 0
0.2721944074581679 0.2124133297229019 0
0.2632369003568745 0.03018311383189308 0
0.2106022526254031 0.3036123401490555 0
0.1363970537557968 0.186400140376223 0
2.10546677589645 0.1348438402716546 0
0.1325868983484496 0.267158841084649 0
1.489835501756889 0.1989300914117636 0
1.702591717413836 0.1991758871714898 0
1.368304712812084 0.1564012285284155 0
0.07958353406177833 0.3913545514380702 0
0.8064604702809699 0.1566113338394816 0
0.03676391072707196 0.2768749250976154 0
1.536345939288701 0.09919240175666003 0
0.1728577923706912 0.1274941073510375 0
0.3007195625052362 0.0663868368451533 0
0.2476282621393562 0.3358650443124476 0
0.03960884410439766 0.3336679517546684 0
1.424264960771037 0.02167277006370338 0
0.3361869265691897 0.1013134914706423 0
0.3907099865414246 0.07130851990615591 0
0.2648385862153399 0.1330629154658462 0
0.6959524612559954 0.09322099159592388 0
0.5583300866307467 0.3505290658995093 0
0.8118215984621048 0.06141671805533872 0
0.1285372879996268 0.01191409168421848 0
0.1306645377618008 0.2490152358739888 0
0.2642625409462031 0.3718401668920434 0
2.055167163954907 0.1044427222547874 0
0.061697574265449 0.2094353181467828 0
0.03566008831499335 0.2125207999496083 0
0.7625670709126308 0.305278313921569 0
0.3831009260441929 0.2454441318717706 0
1.168269318313654 0.06726355628320217 0
0.2959171249794147 0.33637699086662 0
0.2640330444522171 0.07622644022748107 0
0.1108893664118298 0.3267425592057812 0
1.325293480846645 0.3822950901953337 0
0.7026019488022935 0.02297425170787004 0
0.1972689968677326 0.1426449222885137 0
1.197273775844017 0.3884371005190271 0
0.9366539196711822 0.02682811108735833 0
0.4337786692144464 0.05374142853404622 0
1.001163878788324 0.02150720161173012 0
1.085335529382878 0.1066989471996387 0
0.1559204320490529 0.3096207223461973 0
1.000961515196174 0.3893870311407805 0
0.3364433899247891 0.2689198014678932 0
0.2564968133760734 0.2416849754455845 0
2.024700588400599 0.1735495302556344 0
0.1409446945525657 0.22536264137165 0
1.725845824667511 0.1762040056023474 0
2.101023601674828 0.08430470600923023 0
2.099682477375708 0.3882841515234267 0
0.2454200153099848 0.1066318585783481 0
0.1265960501955962 0.2187698811927433 0
2.180315874055167 0.3894813384122756 0
0.01296775002460074 0.1242015558990576 0
0.1428575070959336 0.1180183460516975 0
0.01237694261813167 0.15320680958413 0
0.04677423606167404 0.1857978094541437 0
0.7847526922820791 0.2351173153067588 0
1.140249139867846 0.218838769229233 0
0.9335595715789657 0.3818341120137559 0
0.2509881025781934 0.3234591255995276 0
0.5047901137199262 0.3507960025449167 0
0.156477352931834 0.3600676666597359 0
0.2450435412409621 0.2609148869818501 0
1.78229651733733 0.0204995677434314 0
0.2144394297170096 0.3344773490276453 0
0.2713331771237508 0.3075000095450981 0
0.04891921054333596 0.2548310030382419 0
1.029905232651382 0.1119984276974625 0
0.1774263681847255 0.1045201953146033 0
0.187137242198762 0.2810429524507065 0
0.0839458871878558 0.1369944538830643 0
0.3056265818887989 0.04900630442066178 0
0.1646993045089987 0.1189168899140662 0
0.1937271691819312 0.3252726279113625 0
0.452780401573534 0.1229736631397699 0
1.124068546120412 0.313635630084494 0
1.072128989478277 0.2717775715649344 0
2.105094016300664 0.3400676769943533 0
1.574594821321579 0.2922365858055775 0
0.4861358189439638 0.05572922726877286 0
0.8450521549249446 0.06677762713875256 0
0.04157398386809737 0.3509558650633059 0
0.2488425783908068 0.1738930979415643 0
1.929290937214773 0.1926652468243255 0
0.4571346707455631 0.2249327748468279 0
0.06940825473194949 0.1539624094253477 0
0.3124743068025881 0.2873243385243698 0
0.2837868789007976 0.163082687514682 0
0.04905857109420518 0.1715484510223197 0
1.78723002702504 0.3887428651130967 0
0.5775039876530541 0.1130031736915964 0
0.1441212166202837 0.28999287982822 0
1.201021234038626 0.07565757628725077 0
1.469914066363598 0.178981052302203 0
0.1395123154263129 0.0373716140909908 0
0.2519804123257065 0.05198626176180907 0
0.2570236591405313 0.2744150050634666 0
2.180627153604627 0.2166642957784603 0
0.2064798279290642 0.2708979290570753 0
2.178979748854904 0.02112343252565898 0
0.2111268695861469 0.3153383445817862 0
1.946237456029425 0.2550206196002778 0
0.4654388489765703 0.3292838043827257 0
2.181765681661731 0.3574999999998184 0
$EndNodes
$Elements
135 2765 1 2765
0 1 15 1
1 1
0 2 15 1
2 2
0 3 15 1
3 3
0 4 15 1
4 4
0 5 15 1
5 5
0 6 15 1
6 6
0 7 15 1
7 7
0 8 15 1
8 8
0 9 15 1
9 9
0 10 15 1
10 10
0 11 15 1
11 11
0 12 15 1
12 12
0 13 15 1
13 13
0 14 15 1
14 14
0 15 15 1
15 15
0 16 15 1
16 16
0 17 15 1
17 17
0 18 15 1
18 18
0 19 15 1
19 19
0 20 15 1
20 20
0 21 15 1
21 21
0 22 15 1
22 22
0 23 15 1
23 23
0 24 15 1
24 24
0 25 15 1
25 25
0 26 15 1
26 26
0 27 15 1
27 27
0 28 15 1
28 28
0 29 15 1
29 29
0 30 15 1
30 30
0 31 15 1
31 31
0 32 15 1
32 32
0 33 15 1
33 33
0 34 15 1
34 34
0 35 15 1
35 35
0 36 15 1
36 36
0 37 15 1
37 37
0 38 15 1
38 38
0 39 15 1
39 39
0 40 15 1
40 40
0 41 15 1
41 41
0 42 15 1
42 42
0 43 15 1
43 43
0 44 15 1
44 44
0 45 15 1
45 45
0 46 15 1
46 46
0 47 15 1
47 47
0 48 15 1
48 48
0 49 15 1
49 49
0 50 15 1
50 50
0 51 15 1
51 51
0 52 15 1
52 52
0 53 15 1
53 53
0 54 15 1
54 54
0 55 15 1
55 55
0 56 15 1
56 56
0 57 15 1
57 57
0 58 15 1
58 58
0 59 15 1
59 59
0 60 15 1
60 60
0 61 15 1
61 61
0 62 15 1
62 62
0 63 15 1
63 63
0 64 15 1
64 64
0 65 15 1
65 65
0 66 15 1
66 66
0 67 15 1
67 67
1 1 1 6
68 1 68
69 68 69
70 69 70
71 70 71
72 71 72
73 72 33
1 2 1 24
74 33 73
75 73 74
76 74 75
77 75 76
78 76 77
79 77 78
80 78 79
81 79 80
82 80 81
83 81 82
84 82 83
85 83 84
86 84 85
87 85 86
88 86 87
89 87 88
90 88 89
91 89 90
92 90 91
93 91 92
94 92 93
95 93 94
96 94 95
97 95 2
1 3 1 14
98 2 96
99 96 97
100 97 98
101 98 99
102 99 100
103 100 101
104 101 102
105 102 103
106 103 104
107 104 105
108 105 106
109 106 107
110 107 108
111 108 3
1 4 1 5
112 3 109
113 109 110
114 110 111
115 111 112
116 112 4
1 5 1 3
117 4 113
118 113 114
119 114 5
1 6 1 2
120 5 115
121 115 6
1 7 1 2
122 6 116
123 116 7
1 8 1 2
124 7 117
125 117 8
1 9 1 2
126 8 118
127 118 9
1 10 1 2
128 9 119
129 119 10
1 11 1 2
130 10 120
131 120 11
1 12 1 2
132 11 121
133 121 12
1 13 1 2
134 12 122
135 122 34
1 14 1 1
136 34 13
1 15 1 2
137 13 123
138 123 14
1 16 1 2
139 14 124
140 124 15
1 17 1 2
141 15 125
142 125 16
1 18 1 1
143 16 17
1 19 1 1
144 17 18
1 20 1 2
145 18 126
146 126 19
1 21 1 2
147 19 127
148 127 20
1 22 1 2
149 20 128
150 128 21
1 23 1 2
151 21 129
152 129 22
1 24 1 2
153 22 130
154 130 23
1 25 1 2
155 23 131
156 131 24
1 26 1 1
157 24 25
1 27 1 1
158 25 26
1 28 1 2
159 26 132
160 132 27
1 29 1 2
161 27 133
162 133 28
1 30 1 2
163 28 134
164 134 29
1 31 1 3
165 29 135
166 135 136
167 136 30
1 32 1 5
168 30 137
169 137 138
170 138 139
171 139 140
172 140 31
1 33 1 14
173 31 141
174 141 142
175 142 143
176 143 144
177 144 145
178 145 146
179 146 147
180 147 148
181 148 149
182 149 150
183 150 151
184 151 152
185 152 153
186 153 32
1 34 1 25
187 32 154
188 154 155
189 155 156
190 156 157
191 157 158
192 158 159
193 159 160
194 160 161
195 161 162
196 162 163
197 163 164
198 164 165
199 165 166
200 166 167
201 167 168
202 168 169
203 169 170
204 170 171
205 171 172
206 172 173
207 173 174
208 174 175
209 175 176
210 176 177
211 177 35
1 35 1 5
212 35 178
213 178 179
214 179 180
215 180 181
216 181 1
1 36 1 1
217 36 37
1 37 1 1
218 37 38
1 38 1 1
219 38 39
1 39 1 1
220 39 40
1 40 1 1
221 40 41
1 41 1 1
222 41 42
1 42 1 1
223 42 43
1 43 1 1
224 43 44
1 44 1 1
225 44 45
1 45 1 1
226 45 46
1 46 1 1
227 46 47
1 47 1 1
228 47 48
1 48 1 1
229 48 49
1 49 1 1
230 49 50
1 50 1 1
231 50 51
1 51 1 1
232 51 52
1 52 1 1
233 52 53
1 53 1 1
234 53 54
1 54 1 1
235 54 55
1 55 1 1
236 55 56
1 56 1 1
237 56 57
1 57 1 1
238 57 58
1 58 1 1
239 58 59
1 59 1 1
240 59 60
1 60 1 1
241 60 61
1 61 1 1
242 61 62
1 62 1 1
243 62 63
1 63 1 1
244 63 64
1 64 1 1
245 64 65
1 65 1 1
246 65 66
1 66 1 1
247 66 67
1 67 1 1
248 67 36
2 70 2 2517
249 688 166 751
250 494 203 555
251 92 93 497
252 552 268 809
253 17 18 698
254 261 549 619
255 545 221 762
256 877 139 1024
257 517 307 560
258 219 579 694
259 201 528 758
260 206 431 1044
261 579 345 694
262 191 446 711
263 52 51 504
264 549 204 619
265 671 402 896
266 330 652 806
267 288 485 1053
268 77 78 500
269 806 652 938
270 612 299 676
271 350 545 762
272 284 577 1080
273 1080 577 1126
274 488 406 812
275 499 972 1077
276 371 534 731
277 591 392 1030
278 502 299 957
279 432 548 967
280 477 123 526
281 123 14 526
282 13 123 897
283 394 666 1068
284 268 569 809
285 299 502 831
286 532 296 919
287 431 206 673
288 463 877 1024
289 589 380 1049
290 117 8 505
291 459 834 1296
292 512 191 711
293 199 609 734
294 141 142 690
295 690 142 969
296 623 288 1053
297 543 352 937
298 582 223 725
299 355 582 725
300 273 505 646
301 227 459 1296
302 947 693 1013
303 11 546 1083
304 636 237 740
305 24 25 1129
306 172 173 514
307 197 693 947
308 598 213 661
309 11 121 546
310 538 134 1061
311 387 578 609
312 333 482 816
313 42 41 787
314 483 881 1161
315 644 193 657
316 582 262 896
317 628 294 895
318 652 223 728
319 550 175 903
320 881 186 1161
321 310 709 777
322 628 895 976
323 636 457 1049
324 115 632 875
325 532 919 1144
326 356 644 657
327 228 567 1076
328 782 211 972
329 448 944 1198
330 314 610 1121
331 839 205 1267
332 253 489 1079
333 567 828 1076
334 237 636 1049
335 446 191 871
336 32 620 1168
337 191 512 672
338 598 661 991
339 603 283 1026
340 458 603 1026
341 376 532 1144
342 306 468 717
343 384 652 728
344 247 795 857
345 162 163 527
346 734 609 1080
347 463 533 1211
348 457 589 1049
349 408 716 1129
350 684 889 1013
351 818 455 1039
352 332 530 801
353 795 473 857
354 616 315 638
355 533 264 1211
356 263 555 610
357 867 643 943
358 195 635 685
359 660 351 669
360 392 591 987
361 482 333 880
362 735 238 1208
363 554 349 764
364 508 293 616
365 16 17 700
366 30 137 541
367 441 298 1180
368 300 684 1013
369 635 363 685
370 534 70 819
371 201 758 833
372 369 563 793
373 605 323 822
374 988 301 1242
375 936 360 1187
376 249 443 755
377 957 299 1152
378 361 612 676
379 338 557 677
380 256 493 859
381 682 321 730
382 666 936 1068
383 786 410 798
384 362 577 1070
385 262 671 896
386 405 636 740
387 967 548 1099
388 332 562 739
389 296 660 669
390 1079 489 1308
391 716 24 1129
392 643 289 943
393 302 818 1039
394 499 422 972
395 341 573 744
396 573 222 744
397 851 362 1070
398 605 822 905
399 87 88 540
400 403 682 730
401 22 130 498
402 578 387 805
403 954 476 1290
404 493 349 840
405 328 592 695
406 134 29 1061
407 280 483 1035
408 592 317 695
409 430 595 791
410 230 578 805
411 567 401 804
412 262 582 899
413 718 376 1144
414 298 586 626
415 517 560 1316
416 490 312 723
417 487 988 1242
418 944 210 1198
419 483 280 692
420 505 8 646
421 52 504 713
422 117 505 1105
423 177 727 903
424 562 287 739
425 205 975 1267
426 626 204 629
427 175 176 903
428 303 479 1043
429 268 538 667
430 293 515 1260
431 808 595 1220
432 42 787 1236
433 595 327 791
434 391 591 655
435 482 880 1055
436 122 13 897
437 360 901 1187
438 395 604 808
439 505 273 811
440 518 218 696
441 645 259 765
442 496 269 1031
443 402 954 1290
444 589 282 770
445 468 306 796
446 40 39 544
447 32 154 620
448 604 189 808
449 546 405 1083
450 176 177 903
451 398 645 765
452 298 626 629
453 812 406 1089
454 371 731 1045
455 642 265 742
456 810 246 822
457 339 808 1220
458 880 251 1055
459 709 326 777
460 545 350 876
461 733 291 1104
462 574 207 638
463 483 394 881
464 115 6 632
465 106 107 564
466 338 677 856
467 539 428 1126
468 387 642 742
469 92 497 710
470 624 73 848
471 478 810 822
472 495 257 872
473 644 905 948
474 938 658 999
475 340 688 751
476 242 543 937
477 280 517 1316
478 207 616 638
479 217 539 1126
480 349 493 960
481 676 299 831
482 533 140 924
483 601 256 783
484 204 549 1333
485 492 735 1208
486 1157 202 1342
487 493 256 960
488 257 495 1010
489 657 289 696
490 456 1216 1238
491 25 481 641
492 382 601 783
493 558 258 781
494 372 549 1099
495 347 571 786
496 527 163 683
497 394 483 1015
498 621 200 1109
499 497 93 800
500 854 440 985
501 571 271 786
502 271 527 994
503 504 51 929
504 356 657 696
505 644 356 905
506 36 67 548
507 114 847 1000
508 226 585 1118
509 305 467 729
510 532 219 720
511 547 202 1157
512 196 536 911
513 569 268 667
514 895 621 1109
515 536 378 911
516 538 268 1172
517 509 305 729
518 585 945 1118
519 604 883 915
520 531 187 957
521 369 793 990
522 293 569 667
523 459 227 825
524 545 440 854
525 289 518 696
526 203 494 753
527 197 658 693
528 569 293 1260
529 513 303 1043
530 658 384 693
531 187 531 1216
532 604 283 883
533 207 574 1320
534 293 508 773
535 155 156 556
536 602 811 1205
537 277 506 932
538 384 658 938
539 806 250 878
540 712 269 979
541 486 806 878
542 545 876 1173
543 620 452 1168
544 627 16 700
545 227 675 942
546 547 276 701
547 267 583 614
548 530 263 801
549 292 591 1030
550 77 500 748
551 151 152 592
552 1121 610 1262
553 138 139 877
554 975 466 1267
555 184 1038 1100
556 494 302 753
557 556 336 668
558 479 303 779
559 605 218 691
560 572 210 826
561 331 566 691
562 422 782 972
563 535 275 611
564 972 287 1077
565 307 517 1188
566 712 954 1246
567 578 284 609
568 481 26 733
569 459 826 1169
570 388 565 854
571 771 243 829
572 498 130 1107
573 346 572 826
574 182 612 719
575 329 726 745
576 565 221 854
577 347 786 798
578 603 216 953
579 726 407 745
580 62 61 580
581 179 180 608
582 976 681 1207
583 323 605 691
584 500 78 768
585 254 500 1084
586 476 712 979
587 300 693 728
588 693 384 728
589 257 648 789
590 847 442 1000
591 64 63 553
592 530 332 982
593 223 529 728
594 165 166 688
595 648 399 789
596 559 410 786
597 411 681 976
598 487 209 988
599 883 603 953
600 198 492 812
601 184 586 1038
602 483 692 1015
603 682 3 738
604 500 254 876
605 185 537 893
606 454 771 829
607 675 466 942
608 591 292 655
609 134 538 1172
610 764 349 995
611 826 210 1169
612 531 272 1238
613 379 582 896
614 269 496 992
615 555 263 1125
616 210 572 1198
617 73 74 848
618 835 449 1096
619 592 152 749
620 298 441 741
621 380 589 770
622 537 185 1277
623 576 224 722
624 207 508 616
625 1216 531 1238
626 318 556 668
627 352 543 1156
628 371 496 820
629 27 835 1096
630 302 494 689
631 296 532 720
632 402 671 954
633 564 107 1022
634 521 189 915
635 495 849 1010
636 183 821 1179
637 529 300 728
638 631 784 1311
639 884 497 922
640 87 540 721
641 189 595 808
642 259 884 922
643 115 875 1025
644 143 599 969
645 567 804 1026
646 619 204 747
647 328 525 859
648 593 362 948
649 363 518 1303
650 348 521 915
651 409 641 1104
652 333 633 760
653 633 374 760
654 264 551 714
655 557 281 677
656 202 547 701
657 366 525 867
658 38 37 606
659 703 194 985
660 172 514 769
661 857 590 958
662 492 198 1286
663 128 462 901
664 266 697 761
665 70 71 819
666 440 703 985
667 697 393 761
668 217 593 745
669 209 487 1101
670 455 818 1256
671 188 680 923
672 514 173 775
673 559 271 994
674 312 490 841
675 583 206 614
676 555 203 610
677 639 1117 1122
678 880 634 1001
679 549 372 1162
680 331 590 857
681 47 46 596
682 593 329 745
683 294 576 722
684 20 128 901
685 849 369 1010
686 669 220 959
687 954 234 1246
688 475 724 1330
689 434 531 957
690 659 158 1259
691 954 671 1269
692 551 395 714
693 741 203 753
694 149 649 1284
695 841 490 1047
696 162 527 885
697 527 374 885
698 231 650 666
699 387 609 1048
700 274 564 970
701 149 150 649
702 564 403 970
703 55 785 1007
704 538 315 1261
705 702 1051 1082
706 30 541 772
707 316 516 1331
708 945 295 1042
709 534 311 731
710 602 338 811
711 724 475 1174
712 919 669 959
713 503 213 1086
714 157 158 659
715 446 572 711
716 64 553 584
717 630 424 1179
718 634 378 1001
719 573 341 872
720 566 323 691
721 575 425 735
722 425 575 1247
723 647 186 1222
724 295 640 1042
725 434 957 1152
726 357 665 744
727 481 733 1104
728 717 241 978
729 529 379 1329
730 1112 335 1326
731 553 314 584
732 273 651 1205
733 754 427 1066
734 518 289 906
735 586 310 626
736 665 341 744
737 518 363 980
738 549 261 1099
739 218 518 980
740 268 678 1172
741 421 651 737
742 525 328 1285
743 651 229 737
744 435 715 818
745 506 277 698
746 534 371 1106
747 496 371 992
748 535 723 1344
749 589 457 1277
750 22 498 732
751 507 272 1288
752 637 898 1119
753 821 522 1179
754 543 242 1197
755 130 23 796
756 123 477 897
757 572 446 1198
758 213 503 823
759 189 521 866
760 426 717 978
761 70 534 1106
762 544 39 1111
763 560 191 1331
764 688 340 766
765 383 688 766
766 497 800 922
767 428 539 1091
768 542 350 762
769 307 583 902
770 597 322 694
771 485 288 1090
772 142 143 969
773 403 564 1022
774 443 249 918
775 4 113 622
776 388 854 985
777 345 597 694
778 617 226 766
779 621 294 722
780 232 842 845
781 864 431 1002
782 427 754 1171
783 706 496 1031
784 363 635 958
785 340 617 766
786 779 303 923
787 797 307 902
788 680 445 923
789 635 951 958
790 631 365 784
791 844 335 1112
792 390 741 753
793 667 538 1261
794 528 297 758
795 593 948 1183
796 712 476 954
797 578 230 704
798 527 271 1009
799 374 527 1009
800 467 305 864
801 540 88 794
802 65 64 584
803 317 592 749
804 738 454 829
805 610 314 830
806 287 562 653
807 327 823 1199
808 586 184 1200
809 10 120 664
810 146 554 844
811 181 1 706
812 521 348 926
813 537 377 893
814 379 529 1023
815 529 223 1023
816 321 738 829
817 321 682 738
818 591 205 987
819 140 31 924
820 606 432 1242
821 527 683 994
822 639 214 1117
823 631 202 701
824 614 206 1044
825 493 649 859
826 311 534 819
827 433 606 1233
828 719 612 928
829 678 28 1172
830 420 588 1127
831 582 355 899
832 305 509 1223
833 625 232 845
834 122 897 996
835 404 504 929
836 489 253 1157
837 713 504 1130
838 106 564 759
839 330 618 725
840 303 513 1120
841 464 581 1319
842 618 355 725
843 641 1011 1129
844 747 204 777
845 520 750 1193
846 512 711 1135
847 617 340 1239
848 298 629 1180
849 525 366 1313
850 654 111 752
851 539 217 1225
852 300 529 1036
853 262 899 920
854 899 514 920
855 62 580 1230
856 706 1 1343
857 160 161 633
858 386 617 1239
859 212 773 961
860 811 273 1205
861 406 488 1315
862 539 274 977
863 791 327 1199
864 674 208 873
865 219 532 1019
866 297 647 758
867 48 623 1053
868 548 67 861
869 186 1097 1222
870 703 359 736
871 476 790 1290
872 562 332 1074
873 194 703 736
874 533 463 1024
875 36 548 1131
876 442 847 1082
877 587 276 925
878 626 310 777
879 999 386 1239
880 185 589 1277
881 558 781 956
882 482 659 1259
883 414 611 1085
884 532 376 1019
885 335 554 764
886 452 620 1338
887 223 652 725
888 329 593 1183
889 763 408 1176
890 263 530 1125
891 553 63 1230
892 275 535 1344
893 179 608 1033
894 800 345 922
895 652 330 725
896 440 545 1173
897 649 493 1284
898 175 550 907
899 135 807 1061
900 876 254 1173
901 567 283 828
902 29 135 1061
903 295 625 845
904 711 270 1135
905 308 724 1174
906 797 448 1198
907 536 196 1008
908 378 536 1001
909 405 546 1093
910 140 533 1024
911 264 533 989
912 641 481 1104
913 516 560 1331
914 477 526 1327
915 336 659 1055
916 596 46 850
917 475 781 1212
918 886 225 1166
919 340 878 1239
920 200 621 798
921 540 266 964
922 573 872 1194
923 274 539 879
924 621 347 798
925 640 295 845
926 704 382 1138
927 653 423 1077
928 2 96 656
929 108 3 682
930 608 396 757
931 523 886 1166
932 266 540 950
933 723 312 1344
934 349 554 1282
935 221 545 854
936 1063 198 1089
937 365 1056 1332
938 297 528 1299
939 491 704 1138
940 544 367 984
941 260 549 1162
942 589 185 813
943 784 281 1311
944 1035 483 1161
945 583 307 1188
946 229 561 737
947 528 201 1020
948 350 542 894
949 403 730 1272
950 611 414 850
951 556 318 837
952 651 421 1205
953 581 290 1319
954 307 797 871
955 551 264 989
956 271 559 786
957 10 664 887
958 252 841 1047
959 537 286 754
960 55 54 785
961 398 765 914
962 516 316 788
963 651 273 1132
964 320 654 752
965 743 292 1030
966 623 48 939
967 408 1011 1176
968 155 556 837
969 970 403 1272
970 368 690 780
971 750 278 1193
972 586 298 1038
973 38 606 1111
974 779 208 927
975 336 556 863
976 320 860 1064
977 81 82 670
978 263 610 830
979 475 719 781
980 372 548 861
981 388 790 979
982 221 731 762
983 530 319 1125
984 385 550 836
985 823 1140 1201
986 445 779 923
987 416 702 1082
988 315 616 1261
989 116 7 637
990 224 634 760
991 790 476 979
992 556 156 863
993 290 737 1319
994 634 333 760
995 515 293 773
996 193 851 1138
997 130 796 1107
998 278 627 700
999 345 579 922
1000 715 240 818
1001 606 37 1131
1002 623 413 1005
1003 690 358 780
1004 941 215 946
1005 677 236 856
1006 616 293 1261
1007 412 613 1065
1008 272 507 934
1009 479 779 927
1010 8 118 646
1011 239 754 1066
1012 347 621 722
1013 797 446 871
1014 563 344 793
1015 293 667 1261
1016 1200 184 1260
1017 270 792 1270
1018 201 1103 1314
1019 559 994 1170
1020 823 327 1140
1021 339 714 808
1022 119 588 1146
1023 301 606 1242
1024 292 743 1003
1025 245 864 1002
1026 272 531 755
1027 672 316 1331
1028 323 566 1028
1029 276 909 925
1030 99 566 1071
1031 650 360 666
1032 620 827 1338
1033 40 544 984
1034 258 558 1196
1035 163 164 683
1036 110 111 654
1037 771 320 1064
1038 554 335 844
1039 205 591 975
1040 565 388 979
1041 129 22 732
1042 283 604 828
1043 613 412 1166
1044 629 204 1333
1045 526 14 910
1046 611 45 1202
1047 428 1080 1126
1048 550 385 907
1049 331 691 1321
1050 337 550 903
1051 714 395 808
1052 917 507 1288
1053 315 538 1061
1054 1213 734 1302
1055 238 735 1006
1056 398 914 1014
1057 243 568 829
1058 522 821 971
1059 501 372 861
1060 269 565 979
1061 734 313 1302
1062 561 1063 1319
1063 541 343 1175
1064 563 85 940
1065 853 336 1055
1066 496 706 1343
1067 28 134 1172
1068 563 369 1240
1069 202 631 1153
1070 572 346 1123
1071 598 285 1206
1072 332 580 1074
1073 168 169 679
1074 226 559 1170
1075 472 625 1249
1076 647 353 758
1077 334 664 740
1078 625 295 1249
1079 288 623 1005
1080 431 864 1044
1081 561 370 1063
1082 436 637 1119
1083 395 551 1076
1084 566 331 1071
1085 309 713 1130
1086 1063 464 1319
1087 661 213 860
1088 581 464 1163
1089 550 337 1293
1090 897 477 996
1091 933 351 1094
1092 628 470 1248
1093 294 628 1248
1094 746 331 857
1095 1038 390 1100
1096 12 996 1251
1097 566 99 1028
1098 546 121 1251
1099 633 161 885
1100 282 589 813
1101 358 599 963
1102 554 146 1282
1103 606 301 1233
1104 325 619 747
1105 473 746 857
1106 851 491 1138
1107 541 137 1040
1108 222 573 889
1109 522 630 1179
1110 573 397 889
1111 664 334 887
1112 531 434 1134
1113 344 563 940
1114 358 687 780
1115 452 749 1168
1116 231 692 788
1117 422 499 1314
1118 337 608 757
1119 574 279 1122
1120 227 600 825
1121 220 874 959
1122 274 570 977
1123 687 228 780
1124 847 416 1082
1125 821 183 917
1126 312 841 927
1127 568 243 926
1128 281 557 916
1129 588 334 852
1130 568 321 829
1131 263 484 801
1132 240 715 1078
1133 574 419 931
1134 49 48 1053
1135 583 267 902
1136 4 622 1195
1137 670 495 872
1138 560 307 871
1139 533 924 989
1140 735 425 1006
1141 749 452 1274
1142 319 530 814
1143 410 559 1118
1144 65 584 1328
1145 557 338 1257
1146 685 363 1303
1147 559 226 1118
1148 428 734 1080
1149 131 24 716
1150 510 933 1094
1151 211 739 972
1152 715 449 1078
1153 348 568 926
1154 419 574 1122
1155 810 329 1183
1156 727 178 1033
1157 204 626 777
1158 53 52 713
1159 821 443 918
1160 460 743 1030
1161 924 368 989
1162 508 207 997
1163 737 561 1319
1164 323 707 822
1165 414 596 850
1166 816 482 1259
1167 377 537 1018
1168 102 103 686
1169 572 270 711
1170 707 478 822
1171 773 508 961
1172 1074 60 1280
1173 371 565 992
1174 313 570 869
1175 588 852 1127
1176 271 571 1009
1177 517 280 1035
1178 654 320 771
1179 874 480 959
1180 85 563 1240
1181 689 494 908
1182 504 404 834
1183 509 729 1007
1184 758 353 833
1185 567 228 1150
1186 576 294 1248
1187 471 843 1034
1188 232 625 1057
1189 318 594 827
1190 247 857 958
1191 131 716 1266
1192 590 331 1321
1193 343 541 1040
1194 664 405 740
1195 485 675 1291
1196 656 96 1281
1197 580 484 1230
1198 45 611 850
1199 675 404 1291
1200 314 553 830
1201 321 568 1189
1202 286 537 1021
1203 178 179 1033
1204 656 473 795
1205 374 633 885
1206 606 433 1111
1207 194 736 778
1208 631 451 1153
1209 433 544 1111
1210 361 708 928
1211 322 597 952
1212 287 653 1077
1213 736 379 778
1214 867 525 1285
1215 841 479 927
1216 560 516 1316
1217 716 468 1266
1218 297 673 921
1219 100 101 707
1220 628 233 1062
1221 454 654 771
1222 541 1175 1325
1223 632 436 1185
1224 402 778 896
1225 594 244 827
1226 785 509 1007
1227 418 1035 1161
1228 327 595 866
1229 591 391 975
1230 61 60 1074
1231 843 471 1068
1232 564 274 1151
1233 237 1059 1307
1234 3 109 738
1235 484 263 830
1236 216 869 1272
1237 228 1076 1263
1238 670 82 1335
1239 789 399 947
1240 453 941 946
1241 630 522 1185
1242 722 224 1214
1243 565 371 1045
1244 597 345 1278
1245 1076 551 1263
1246 565 269 992
1247 611 275 1085
1248 742 335 805
1249 770 492 1286
1250 663 373 767
1251 792 520 1270
1252 198 812 1089
1253 389 663 767
1254 339 865 968
1255 86 87 721
1256 1056 507 1332
1257 460 893 962
1258 254 838 973
1259 247 615 795
1260 522 255 1185
1261 91 92 710
1262 869 570 1272
1263 216 603 869
1264 201 824 1103
1265 401 567 1150
1266 47 596 939
1267 956 419 1117
1268 753 302 1039
1269 571 347 1214
1270 588 119 887
1271 968 865 1336
1272 745 407 1225
1273 592 328 868
1274 484 553 1230
1275 279 574 1046
1276 843 306 1034
1277 56 729 1232
1278 620 318 827
1279 723 43 1236
1280 20 901 1016
1281 367 544 1079
1282 193 644 851
1283 996 427 1251
1284 53 713 1004
1285 615 322 795
1286 624 311 819
1287 570 313 977
1288 873 208 1060
1289 838 474 973
1290 776 209 1101
1291 218 590 1321
1292 1125 319 1295
1293 213 598 1086
1294 97 98 746
1295 600 227 942
1296 473 656 1281
1297 859 525 1313
1298 568 348 953
1299 344 761 842
1300 781 258 1212
1301 432 606 1131
1302 365 631 701
1303 620 154 837
1304 43 42 1236
1305 644 362 851
1306 335 764 805
1307 379 736 1329
1308 740 237 1307
1309 547 1157 1241
1310 479 841 1043
1311 793 344 842
1312 57 56 1232
1313 249 613 918
1314 597 95 952
1315 261 619 981
1316 111 112 752
1317 614 305 1223
1318 151 592 868
1319 604 395 828
1320 570 274 970
1321 595 189 866
1322 334 588 887
1323 58 57 890
1324 283 567 1026
1325 166 167 751
1326 622 438 1195
1327 618 170 1136
1328 457 636 1021
1329 818 240 1256
1330 493 840 1284
1331 633 333 816
1332 792 270 1123
1333 244 594 933
1334 136 30 772
1335 574 638 1046
1336 673 418 921
1337 484 580 801
1338 160 633 816
1339 1206 285 1348
1340 423 653 882
1341 76 77 748
1342 397 573 1194
1343 595 430 1220
1344 250 938 999
1345 494 555 1295
1346 407 879 1225
1347 674 275 1344
1348 1117 419 1122
1349 524 1112 1326
1350 12 122 996
1351 75 894 1294
1352 221 565 1045
1353 495 670 1335
1354 901 462 1187
1355 455 809 1100
1356 558 956 1117
1357 842 393 845
1358 105 106 759
1359 603 458 1302
1360 59 653 1280
1361 259 645 884
1362 328 695 1285
1363 756 198 1063
1364 370 607 1059
1365 705 1104 1341
1366 645 373 884
1367 9 119 1146
1368 594 351 933
1369 191 560 871
1370 340 751 878
1371 690 368 1279
1372 788 692 1108
1373 464 1063 1089
1374 577 284 1070
1375 751 486 878
1376 548 432 1131
1377 78 79 768
1378 613 249 1065
1379 95 597 1278
1380 686 329 810
1381 947 399 1017
1382 218 605 1322
1383 249 755 1134
1384 577 362 1137
1385 607 229 852
1386 334 607 852
1387 872 257 1194
1388 299 612 892
1389 443 821 917
1390 822 246 905
1391 478 686 810
1392 267 614 1223
1393 662 303 1120
1394 942 466 975
1395 618 330 1052
1396 322 656 795
1397 250 806 938
1398 741 390 1038
1399 171 172 769
1400 284 578 1182
1401 762 731 1323
1402 883 348 915
1403 619 325 981
1404 579 376 1203
1405 841 252 1043
1406 607 370 1159
1407 580 332 801
1408 579 219 1019
1409 696 218 1322
1410 224 576 1184
1411 235 1116 1253
1412 276 547 909
1413 145 146 844
1414 351 594 888
1415 173 174 775
1416 90 663 1165
1417 1003 743 1114
1418 957 187 1095
1419 376 579 1019
1420 283 603 883
1421 26 132 733
1422 1126 577 1137
1423 168 679 1309
1424 588 420 1146
1425 318 620 837
1426 580 61 1074
1427 582 379 1023
1428 248 843 1068
1429 48 47 939
1430 668 220 1072
1431 286 1093 1171
1432 223 582 1023
1433 584 314 774
1434 720 219 891
1435 217 1126 1137
1436 701 276 1056
1437 282 575 1337
1438 613 324 918
1439 80 665 1227
1440 668 336 874
1441 170 618 1052
1442 590 363 958
1443 654 454 1231
1444 656 322 952
1445 110 654 1231
1446 290 581 1346
1447 367 1079 1308
1448 653 59 882
1449 905 246 948
1450 555 1125 1295
1451 265 1265 1326
1452 338 602 1257
1453 809 184 1100
1454 1105 505 1268
1455 462 128 1160
1456 703 440 973
1457 152 153 749
1458 363 590 980
1459 662 188 923
1460 215 695 946
1461 88 89 794
1462 195 955 1094
1463 448 797 902
1464 894 542 1294
1465 590 218 980
1466 846 235 1253
1467 16 627 1148
1468 535 611 1202
1469 311 624 848
1470 255 632 1185
1471 637 415 898
1472 593 217 1137
1473 486 679 806
1474 396 608 974
1475 679 486 1309
1476 255 702 875
1477 356 605 905
1478 362 593 1137
1479 219 694 1133
1480 521 1115 1140
1481 575 735 1337
1482 747 326 858
1483 908 494 1295
1484 186 647 921
1485 1093 546 1171
1486 640 200 1042
1487 922 579 1203
1488 585 226 1158
1489 600 346 825
1490 393 640 845
1491 719 304 781
1492 679 330 806
1493 925 461 988
1494 605 356 1322
1495 506 698 1300
1496 357 744 993
1497 608 180 974
1498 189 604 915
1499 650 429 803
1500 707 323 1028
1501 45 44 1202
1502 371 820 1106
1503 723 535 1098
1504 893 377 962
1505 609 199 1048
1506 649 150 868
1507 233 976 1207
1508 212 676 831
1509 19 127 803
1510 1175 279 1325
1511 397 947 1013
1512 548 372 1099
1513 601 349 960
1514 840 349 1282
1515 627 278 949
1516 608 337 1033
1517 256 601 960
1518 661 438 991
1519 658 197 935
1520 328 649 868
1521 703 973 1347
1522 501 584 774
1523 157 659 863
1524 615 354 891
1525 663 90 1041
1526 386 658 935
1527 671 262 920
1528 1104 291 1341
1529 561 229 1159
1530 215 867 1285
1531 385 671 920
1532 599 358 969
1533 127 20 1016
1534 415 637 1235
1535 501 861 1328
1536 673 206 965
1537 584 501 1328
1538 215 643 867
1539 355 618 1136
1540 708 304 928
1541 955 510 1094
1542 637 436 1124
1543 615 247 951
1544 285 598 991
1545 137 138 1040
1546 294 621 895
1547 312 674 1344
1548 229 607 1159
1549 220 668 874
1550 647 297 921
1551 354 615 951
1552 349 601 995
1553 75 76 894
1554 41 40 984
1555 519 892 1155
1556 824 201 833
1557 864 305 1044
1558 813 185 930
1559 333 634 880
1560 998 543 1197
1561 276 587 934
1562 839 288 1005
1563 368 924 1279
1564 686 478 1287
1565 102 686 1287
1566 424 784 1037
1567 324 821 918
1568 423 890 1128
1569 330 679 1052
1570 256 859 1313
1571 553 484 830
1572 375 627 949
1573 635 195 912
1574 649 328 859
1575 742 265 1326
1576 25 641 1129
1577 659 336 863
1578 601 382 1087
1579 329 686 1304
1580 757 234 1293
1581 225 613 1166
1582 710 497 884
1583 1057 625 1237
1584 599 143 1113
1585 843 248 1142
1586 366 867 943
1587 622 113 1000
1588 174 175 907
1589 468 716 1340
1590 665 80 1012
1591 691 218 1321
1592 27 133 835
1593 191 672 1331
1594 342 643 941
1595 114 5 847
1596 594 318 1072
1597 98 99 1071
1598 755 531 1134
1599 289 643 906
1600 275 674 873
1601 910 381 1258
1602 809 455 1256
1603 211 814 982
1604 1214 224 1254
1605 89 90 1165
1606 231 788 1221
1607 324 613 1051
1608 354 635 912
1609 776 325 1054
1610 772 541 1325
1611 1215 190 1217
1612 698 18 1300
1613 79 80 1227
1614 320 661 860
1615 343 639 1175
1616 787 41 984
1617 814 530 982
1618 967 261 981
1619 295 945 1249
1620 154 155 837
1621 116 637 1124
1622 945 585 1249
1623 405 664 1083
1624 838 254 1084
1625 358 690 969
1626 741 441 1262
1627 1115 437 1140
1628 387 742 805
1629 612 361 928
1630 936 248 1068
1631 643 342 906
1632 424 630 1275
1633 849 495 1335
1634 341 670 872
1635 893 460 930
1636 273 646 1132
1637 136 772 1177
1638 170 171 1136
1639 413 623 939
1640 451 662 1120
1641 1157 253 1241
1642 628 1062 1229
1643 838 357 993
1644 526 910 1258
1645 436 632 1124
1646 341 665 1012
1647 515 773 904
1648 382 783 799
1649 549 260 1333
1650 630 236 1275
1651 93 94 800
1652 726 329 1304
1653 214 639 1027
1654 478 707 1287
1655 255 522 971
1656 203 741 1262
1657 303 662 923
1658 391 600 942
1659 670 341 1012
1660 241 763 862
1661 729 56 1007
1662 121 12 1251
1663 260 774 1121
1664 370 561 1159
1665 233 628 976
1666 234 836 1293
1667 424 1037 1179
1668 909 547 1241
1669 420 651 1132
1670 643 215 941
1671 1223 509 1224
1672 389 681 950
1673 15 125 815
1674 987 205 1247
1675 707 101 1287
1676 400 750 1058
1677 681 266 950
1678 612 182 892
1679 669 351 888
1680 355 769 899
1681 636 286 1021
1682 627 375 1148
1683 251 880 1001
1684 769 514 899
1685 650 231 1221
1686 331 746 1071
1687 988 461 1233
1688 609 284 1080
1689 391 655 1147
1690 185 893 930
1691 264 714 968
1692 195 660 912
1693 350 748 876
1694 195 685 955
1695 721 344 940
1696 901 360 1016
1697 951 247 958
1698 635 354 951
1699 226 617 1158
1700 264 968 1211
1701 860 213 1201
1702 471 1034 1097
1703 235 743 962
1704 833 353 862
1705 764 230 805
1706 209 925 988
1707 325 858 1054
1708 727 337 903
1709 104 726 1304
1710 68 69 820
1711 220 669 888
1712 487 967 981
1713 362 644 948
1714 159 160 816
1715 763 417 862
1716 671 385 1269
1717 682 403 1022
1718 665 357 1227
1719 138 877 1040
1720 113 114 1000
1721 391 942 975
1722 632 255 875
1723 748 500 876
1724 788 1092 1221
1725 892 182 1155
1726 206 583 1188
1727 231 666 1015
1728 637 7 1235
1729 783 366 799
1730 99 100 1028
1731 653 562 1280
1732 817 235 962
1733 787 490 1236
1734 345 800 1278
1735 652 384 938
1736 348 883 953
1737 305 614 1044
1738 695 317 946
1739 190 689 908
1740 617 386 1158
1741 756 370 832
1742 7 117 1235
1743 674 312 927
1744 119 10 887
1745 730 321 1189
1746 313 734 1091
1747 734 428 1091
1748 289 657 943
1749 706 396 974
1750 125 16 1148
1751 344 721 964
1752 528 1002 1299
1753 322 615 1133
1754 889 397 1013
1755 596 413 939
1756 165 688 966
1757 60 59 1280
1758 43 723 1098
1759 625 472 1237
1760 445 680 1346
1761 108 682 1022
1762 498 843 1142
1763 296 669 919
1764 85 86 940
1765 298 741 1038
1766 684 222 889
1767 351 660 1094
1768 1051 225 1082
1769 632 6 1124
1770 575 987 1247
1771 785 54 1004
1772 676 212 961
1773 67 66 861
1774 326 747 777
1775 181 706 974
1776 470 628 1229
1777 634 224 1184
1778 409 998 1197
1779 2 656 952
1780 848 542 1323
1781 571 1214 1254
1782 380 756 832
1783 705 409 1104
1784 664 120 1083
1785 372 501 1162
1786 373 663 1041
1787 90 91 1041
1788 354 720 891
1789 190 908 1217
1790 648 257 1010
1791 666 394 1015
1792 265 642 1075
1793 575 282 1139
1794 766 226 1170
1795 1171 546 1251
1796 815 465 1181
1797 15 815 1181
1798 132 27 1096
1799 103 104 1304
1800 642 401 1075
1801 373 645 1234
1802 383 683 966
1803 438 622 1306
1804 156 157 863
1805 890 467 1128
1806 983 308 1206
1807 492 770 1337
1808 683 164 966
1809 638 315 1283
1810 973 474 1347
1811 596 414 855
1812 360 650 1016
1813 963 599 1265
1814 775 174 907
1815 361 676 961
1816 429 650 1221
1817 325 747 858
1818 891 219 1133
1819 648 369 990
1820 150 151 868
1821 220 888 1072
1822 369 849 1240
1823 911 470 1014
1824 732 462 1160
1825 415 1105 1268
1826 196 911 1014
1827 861 66 1328
1828 356 696 1322
1829 95 2 952
1830 821 324 971
1831 260 1121 1180
1832 373 710 884
1833 709 310 904
1834 705 190 998
1835 401 642 1252
1836 76 748 894
1837 410 945 1042
1838 413 596 855
1839 640 393 1069
1840 147 148 840
1841 376 718 914
1842 200 640 1069
1843 792 192 1204
1844 369 648 1010
1845 782 1156 1218
1846 929 50 1110
1847 684 359 1029
1848 169 170 1052
1849 642 387 1048
1850 390 753 1039
1851 749 153 1168
1852 881 394 1068
1853 718 196 914
1854 378 634 1184
1855 761 393 842
1856 886 442 1082
1857 684 300 1036
1858 812 492 1208
1859 83 84 849
1860 1002 528 1318
1861 311 848 1323
1862 663 389 1165
1863 658 386 999
1864 607 334 1307
1865 451 631 1311
1866 820 496 1343
1867 310 586 1200
1868 772 444 1177
1869 639 343 1027
1870 425 839 1005
1871 324 702 971
1872 232 793 842
1873 208 674 927
1874 748 350 894
1875 401 687 1075
1876 702 416 875
1877 890 57 1232
1878 80 81 1012
1879 466 675 1090
1880 444 638 1283
1881 431 673 1299
1882 118 9 1073
1883 491 851 1070
1884 117 1105 1235
1885 662 451 916
1886 716 986 1340
1887 685 342 955
1888 968 511 1211
1889 638 444 1046
1890 317 749 1274
1891 645 398 1062
1892 761 344 964
1893 46 45 850
1894 304 719 928
1895 1004 713 1245
1896 578 704 1182
1897 94 95 1278
1898 687 358 963
1899 724 308 983
1900 418 673 965
1901 184 809 1260
1902 471 881 1068
1903 261 967 1099
1904 442 886 1348
1905 399 648 1057
1906 702 255 971
1907 731 311 1323
1908 688 383 966
1909 69 70 1106
1910 462 732 1142
1911 84 85 1240
1912 81 670 1012
1913 708 361 997
1914 200 798 1042
1915 680 290 1346
1916 146 147 1282
1917 681 389 1207
1918 73 624 1297
1919 659 482 1055
1920 190 705 1209
1921 1065 519 1155
1922 404 675 1296
1923 515 904 1200
1924 641 409 1197
1925 472 935 1017
1926 935 197 1017
1927 192 655 1058
1928 802 244 1102
1929 454 738 1231
1930 276 934 1056
1931 337 727 1033
1932 438 752 1195
1933 423 882 890
1934 770 282 1337
1935 720 354 1167
1936 726 104 1050
1937 268 552 1143
1938 453 802 1102
1939 196 718 1008
1940 660 296 1167
1941 1122 279 1175
1942 124 15 1181
1943 698 277 699
1944 427 1171 1251
1945 502 957 1095
1946 683 383 994
1947 660 195 1094
1948 710 373 1041
1949 421 1141 1205
1950 709 212 831
1951 501 774 1162
1952 715 435 1341
1953 347 722 1214
1954 318 668 1072
1955 86 721 940
1956 717 426 1034
1957 869 603 1302
1958 1102 510 1192
1959 544 433 1289
1960 1191 442 1348
1961 462 1142 1187
1962 655 292 1003
1963 636 405 1093
1964 757 396 1246
1965 738 109 1231
1966 858 326 1095
1967 366 783 1313
1968 552 809 1256
1969 459 825 826
1970 832 370 1059
1971 746 473 1281
1972 692 280 1108
1973 161 162 885
1974 814 439 1217
1975 164 165 966
1976 702 324 1051
1977 657 193 1219
1978 236 630 1119
1979 124 1181 1228
1980 245 1002 1318
1981 799 366 1219
1982 450 678 1143
1983 515 1200 1260
1984 523 983 1206
1985 126 19 1298
1986 306 843 1107
1987 186 921 1161
1988 904 310 1200
1989 210 944 1169
1990 895 411 976
1991 97 746 1281
1992 382 704 1087
1993 316 672 932
1994 714 339 968
1995 655 192 1147
1996 1034 426 1097
1997 222 684 1029
1998 259 922 1203
1999 675 485 1090
2000 59 58 882
2001 139 140 1024
2002 693 300 1013
2003 817 377 870
2004 514 775 920
2005 266 761 964
2006 775 385 920
2007 301 988 1233
2008 486 751 1309
2009 417 833 862
2010 342 685 1303
2011 721 540 964
2012 359 684 1036
2013 438 661 1264
2014 751 167 1309
2015 450 835 1145
2016 677 281 1081
2017 291 733 1243
2018 229 651 1127
2019 679 169 1052
2020 326 709 1226
2021 509 785 1224
2022 716 408 986
2023 1141 602 1205
2024 353 647 1222
2025 100 707 1028
2026 769 355 1136
2027 520 792 1204
2028 678 450 1145
2029 650 803 1016
2030 1009 571 1254
2031 51 50 929
2032 385 775 907
2033 304 708 931
2034 739 287 972
2035 244 802 1338
2036 666 360 936
2037 439 814 1218
2038 104 105 1050
2039 746 98 1071
2040 1153 513 1342
2041 523 1206 1348
2042 159 816 1259
2043 364 919 959
2044 291 715 1341
2045 417 824 833
2046 646 118 1073
2047 346 600 1186
2048 1060 208 1244
2049 144 1112 1113
2050 499 1020 1314
2051 600 391 1147
2052 357 768 1227
2053 613 225 1051
2054 467 864 1128
2055 412 724 983
2056 14 124 910
2057 639 1122 1175
2058 562 1074 1280
2059 910 124 1228
2060 317 802 946
2061 773 212 904
2062 182 719 1330
2063 675 227 1296
2064 925 209 1210
2065 1149 252 1308
2066 661 320 1264
2067 540 794 950
2068 765 376 914
2069 794 389 950
2070 752 112 1195
2071 361 961 997
2072 224 760 1254
2073 807 315 1061
2074 129 732 1160
2075 835 133 1145
2076 505 811 1268
2077 269 712 1031
2078 718 364 1008
2079 873 406 1315
2080 778 379 896
2081 332 739 982
2082 551 989 1263
2083 469 699 1301
2084 687 401 1150
2085 715 291 1243
2086 396 706 1031
2087 393 697 1069
2088 68 820 1343
2089 981 325 1101
2090 207 708 997
2091 756 380 1286
2092 266 681 1324
2093 91 710 1041
2094 449 835 1078
2095 699 277 1301
2096 474 993 1029
2097 780 228 1263
2098 270 572 1123
2099 681 411 1324
2100 673 297 1299
2101 33 73 1297
2102 376 765 1203
2103 1065 249 1273
2104 28 678 1145
2105 759 564 1151
2106 489 1157 1342
2107 704 230 1087
2108 840 148 1284
2109 743 460 962
2110 781 304 956
2111 732 498 1142
2112 83 849 1335
2113 407 759 1151
2114 581 1060 1244
2115 853 480 874
2116 242 641 1197
2117 336 853 874
2118 802 1274 1338
2119 228 687 1150
2120 694 322 1133
2121 182 724 1155
2122 1265 524 1326
2123 697 411 1109
2124 365 701 1056
2125 416 847 1025
2126 993 222 1029
2127 308 1086 1206
2128 763 241 986
2129 782 352 1156
2130 385 836 1269
2131 490 787 1047
2132 724 412 1155
2133 686 103 1304
2134 141 690 1279
2135 689 190 1209
2136 712 396 1031
2137 366 943 1219
2138 392 930 1030
2139 680 1141 1310
2140 411 697 1324
2141 407 726 1050
2142 278 750 949
2143 180 181 974
2144 697 266 1324
2145 744 222 993
2146 447 785 1004
2147 809 569 1260
2148 651 420 1127
2149 230 764 995
2150 381 817 870
2151 380 770 1286
2152 804 458 1026
2153 750 400 1312
2154 719 475 1330
2155 1141 188 1257
2156 234 954 1269
2157 412 1065 1155
2158 1011 242 1176
2159 352 824 937
2160 994 383 1170
2161 1112 524 1113
2162 389 767 1207
2163 359 703 1347
2164 480 853 1190
2165 695 215 1285
2166 811 338 1268
2167 212 709 904
2168 306 717 1034
2169 54 53 1004
2170 112 4 1195
2171 397 789 947
2172 882 58 890
2173 17 698 699
2174 692 231 1015
2175 128 21 1160
2176 21 129 1160
2177 731 221 1045
2178 705 435 1209
2179 913 126 1298
2180 853 251 1190
2181 610 203 1262
2182 278 700 1271
2183 913 429 1178
2184 866 521 1140
2185 1058 750 1204
2186 56 55 1007
2187 587 1210 1238
2188 847 5 1025
2189 767 373 1234
2190 171 769 1136
2191 704 491 1182
2192 537 754 1018
2193 1086 598 1206
2194 768 79 1227
2195 843 498 1107
2196 194 790 985
2197 799 193 1138
2198 802 453 946
2199 144 145 1112
2200 759 407 1050
2201 574 931 1320
2202 1141 421 1310
2203 823 503 1199
2204 216 730 1189
2205 241 717 1340
2206 881 471 1097
2207 774 260 1162
2208 1097 426 1222
2209 453 1102 1192
2210 641 242 1011
2211 1037 365 1332
2212 411 895 1109
2213 236 677 1275
2214 267 1223 1224
2215 965 517 1035
2216 364 718 1144
2217 107 108 1022
2218 934 507 1056
2219 375 815 1148
2220 105 759 1050
2221 396 712 1246
2222 319 908 1295
2223 392 813 930
2224 930 460 1030
2225 754 239 1018
2226 1073 9 1146
2227 739 211 982
2228 378 1184 1339
2229 793 232 990
2230 794 89 1165
2231 678 268 1143
2232 338 856 1268
2233 804 199 1213
2234 377 817 962
2235 860 437 1064
2236 815 375 1253
2237 929 1110 1291
2238 296 720 1167
2239 286 636 1093
2240 458 804 1213
2241 461 900 1233
2242 441 1121 1262
2243 680 188 1141
2244 825 346 826
2245 784 365 1037
2246 389 794 1165
2247 790 388 985
2248 409 705 998
2249 408 763 986
2250 449 715 1243
2251 729 467 1232
2252 516 788 1108
2253 5 115 1025
2254 490 723 1236
2255 188 662 1305
2256 587 925 1210
2257 965 206 1188
2258 334 740 1307
2259 281 784 1081
2260 931 419 956
2261 724 182 1330
2262 672 512 1334
2263 828 395 1076
2264 789 397 1194
2265 198 756 1286
2266 921 418 1161
2267 864 245 1128
2268 413 855 1006
2269 902 267 1067
2270 836 550 1293
2271 1119 630 1185
2272 1210 456 1238
2273 143 144 1113
2274 961 508 997
2275 817 381 1116
2276 346 792 1123
2277 727 177 1345
2278 439 1156 1215
2279 733 132 1096
2280 599 1113 1265
2281 439 1215 1217
2282 1113 524 1265
2283 120 11 1083
2284 834 459 1130
2285 602 1141 1257
2286 914 196 1014
2287 1140 437 1201
2288 178 727 1345
2289 135 136 1177
2290 1190 536 1250
2291 194 778 1290
2292 243 771 1064
2293 737 290 1310
2294 743 235 1114
2295 374 1009 1254
2296 730 216 1272
2297 199 734 1213
2298 354 912 1167
2299 187 858 1095
2300 290 680 1310
2301 862 353 978
2302 909 461 925
2303 736 359 1329
2304 792 346 1186
2305 448 902 1067
2306 824 417 937
2307 316 932 1178
2308 768 357 1084
2309 319 814 1217
2310 1156 543 1215
2311 343 877 1164
2312 500 768 1084
2313 474 838 993
2314 879 407 1151
2315 856 236 898
2316 814 211 1218
2317 804 401 1252
2318 370 756 1063
2319 750 520 1204
2320 1116 381 1228
2321 415 856 898
2322 989 368 1263
2323 798 410 1042
2324 6 116 1124
2325 466 1090 1267
2326 1158 386 1292
2327 877 463 1164
2328 251 853 1055
2329 1184 576 1339
2330 44 43 1098
2331 919 364 1144
2332 855 238 1006
2333 717 468 1340
2334 790 194 1290
2335 488 812 1208
2336 465 815 1253
2337 708 207 1320
2338 50 49 1110
2339 429 1092 1178
2340 435 705 1341
2341 239 870 1018
2342 991 438 1306
2343 39 38 1111
2344 211 782 1218
2345 870 377 1018
2346 31 141 1279
2347 217 745 1225
2348 37 36 1131
2349 877 343 1040
2350 782 422 1103
2351 209 776 1210
2352 468 796 1266
2353 436 1119 1185
2354 133 28 1145
2355 367 787 984
2356 202 1153 1342
2357 456 776 1054
2358 335 742 1326
2359 153 32 1168
2360 687 963 1075
2361 427 996 1066
2362 241 862 978
2363 752 438 1264
2364 304 931 956
2365 399 1057 1237
2366 585 1158 1292
2367 1037 183 1179
2368 835 450 1078
2369 787 367 1047
2370 282 813 1139
2371 517 965 1188
2372 421 737 1310
2373 382 799 1138
2374 417 763 1176
2375 233 767 1234
2376 983 523 1166
2377 230 995 1087
2378 437 860 1201
2379 74 75 1294
2380 1156 439 1218
2381 932 506 1178
2382 302 689 1276
2383 383 766 1170
2384 622 1191 1306
2385 380 832 1049
2386 208 779 1244
2387 855 414 1088
2388 23 131 1266
2389 235 817 1116
2390 272 755 1288
2391 109 110 1231
2392 234 757 1246
2393 18 126 1300
2394 320 752 1264
2395 444 772 1325
2396 900 253 1289
2397 197 947 1017
2398 765 259 1203
2399 519 1065 1273
2400 807 135 1177
2401 709 831 1226
2402 655 1003 1058
2403 1021 537 1277
2404 791 258 1196
2405 35 178 1345
2406 325 776 1101
2407 699 469 1271
2408 1191 285 1306
2409 158 159 1259
2410 510 955 1192
2411 760 374 1254
2412 96 97 1281
2413 511 968 1336
2414 101 102 1287
2415 767 233 1207
2416 1062 398 1229
2417 754 286 1171
2418 788 316 1092
2419 558 1154 1196
2420 824 352 1103
2421 148 149 1284
2422 177 35 1345
2423 192 792 1186
2424 337 757 1293
2425 167 168 1309
2426 542 762 1323
2427 796 23 1266
2428 253 1079 1289
2429 82 83 1335
2430 995 601 1087
2431 252 1047 1308
2432 414 1085 1088
2433 238 855 1088
2434 796 306 1107
2435 342 941 1192
2436 803 127 1016
2437 815 125 1148
2438 450 1143 1317
2439 63 62 1230
2440 214 1027 1336
2441 820 69 1106
2442 235 846 1114
2443 272 934 1238
2444 1116 465 1253
2445 430 791 1196
2446 1 68 1343
2447 258 791 1199
2448 357 838 1084
2449 1011 408 1129
2450 542 848 1294
2451 906 342 1303
2452 309 944 1032
2453 852 229 1127
2454 967 487 1242
2455 480 1190 1250
2456 1130 459 1169
2457 1154 430 1196
2458 71 72 1349
2459 489 1149 1308
2460 846 400 1114
2461 677 1081 1275
2462 214 865 1154
2463 257 789 1194
2464 1005 413 1006
2465 265 963 1265
2466 912 660 1167
2467 1297 624 1349
2468 818 302 1276
2469 186 881 1097
2470 813 392 1139
2471 368 780 1263
2472 949 750 1312
2473 832 237 1049
2474 858 187 1054
2475 504 834 1130
2476 945 410 1118
2477 879 539 1225
2478 72 33 1297
2479 892 519 1152
2480 1043 252 1149
2481 784 424 1081
2482 528 1020 1318
2483 246 810 1183
2484 778 402 1290
2485 435 818 1276
2486 444 807 1177
2487 145 844 1112
2488 244 933 1102
2489 237 832 1059
2490 934 587 1238
2491 865 430 1154
2492 648 990 1057
2493 990 232 1057
2494 783 256 1313
2495 225 886 1082
2496 66 65 1328
2497 888 594 1072
2498 933 510 1102
2499 1121 441 1180
2500 193 799 1219
2501 875 416 1025
2502 512 1301 1334
2503 288 839 1267
2504 713 309 1245
2505 803 429 1298
2506 315 807 1283
2507 941 453 1192
2508 199 804 1252
2509 779 445 1244
2510 465 1116 1228
2511 72 1297 1349
2512 944 448 1032
2513 870 239 1258
2514 802 317 1274
2515 819 71 1349
2516 446 797 1198
2517 327 866 1140
2518 800 94 1278
2519 774 314 1121
2520 400 1003 1114
2521 615 891 1133
2522 1103 422 1314
2523 570 970 1272
2524 948 246 1183
2525 776 456 1210
2526 213 823 1201
2527 418 965 1035
2528 1143 552 1317
2529 785 447 1224
2530 807 444 1283
2531 735 492 1337
2532 461 909 1241
2533 1073 420 1132
2534 507 917 1332
2535 536 1008 1250
2536 755 443 1288
2537 831 502 1226
2538 963 265 1075
2539 521 926 1115
2540 700 699 1271
2541 299 892 1152
2542 908 319 1217
2543 430 865 1220
2544 926 243 1115
2545 900 433 1233
2546 977 313 1091
2547 19 803 1298
2548 274 879 1151
2549 916 451 1311
2550 953 216 1189
2551 513 1149 1342
2552 978 353 1222
2553 543 998 1215
2554 539 977 1091
2555 846 375 1312
2556 1085 488 1088
2557 406 873 1060
2558 600 1147 1186
2559 433 900 1289
2560 364 959 1250
2561 646 1073 1132
2562 458 1213 1302
2563 506 913 1178
2564 959 480 1250
2565 996 477 1066
2566 352 782 1103
2567 1027 511 1336
2568 420 1073 1146
2569 381 910 1228
2570 827 244 1338
2571 931 708 1320
2572 447 1032 1067
2573 911 378 1339
2574 447 1004 1245
2575 624 819 1349
2576 849 84 1240
2577 1069 697 1109
2578 400 846 1312
2579 836 234 1269
2580 200 1069 1109
2581 865 339 1220
2582 839 425 1247
2583 513 1043 1149
2584 1258 239 1327
2585 1152 519 1273
2586 17 699 700
2587 487 981 1101
2588 147 840 1282
2589 1029 359 1347
2590 467 890 1232
2591 511 1027 1164
2592 1027 343 1164
2593 432 967 1242
2594 834 404 1296
2595 1032 448 1067
2596 49 1053 1110
2597 1001 536 1190
2598 944 309 1169
2599 1070 284 1182
2600 491 1070 1182
2601 1064 437 1115
2602 848 74 1294
2603 251 1001 1190
2604 1003 400 1058
2605 932 672 1334
2606 1147 192 1186
2607 205 839 1247
2608 512 1135 1301
2609 987 575 1139
2610 425 1005 1006
2611 878 250 1239
2612 924 31 1279
2613 381 870 1258
2614 937 417 1176
2615 375 846 1253
2616 935 472 1292
2617 898 236 1119
2618 662 916 1305
2619 1255 245 1318
2620 275 873 1315
2621 856 415 1268
2622 277 932 1334
2623 917 183 1332
2624 470 911 1339
2625 1060 581 1163
2626 313 869 1302
2627 622 1000 1191
2628 998 190 1215
2629 689 1209 1276
2630 390 1039 1100
2631 865 214 1336
2632 973 440 1173
2633 412 983 1166
2634 281 916 1311
2635 568 953 1189
2636 254 973 1173
2637 398 1014 1229
2638 392 987 1139
2639 955 342 1192
2640 1014 470 1229
2641 249 1134 1273
2642 943 657 1219
2643 375 949 1312
2644 386 935 1292
2645 260 1180 1333
2646 1128 245 1255
2647 243 1064 1115
2648 642 1048 1252
2649 1017 399 1237
2650 1120 513 1153
2651 434 1152 1273
2652 472 1017 1237
2653 1086 308 1174
2654 1048 199 1252
2655 1000 442 1191
2656 511 1164 1211
2657 733 1096 1243
2658 253 900 1241
2659 1274 452 1338
2660 429 913 1298
2661 1164 463 1211
2662 913 506 1300
2663 1079 544 1289
2664 1088 488 1208
2665 518 906 1303
2666 1062 233 1234
2667 359 1036 1329
2668 886 523 1348
2669 1089 406 1163
2670 250 999 1239
2671 469 1135 1270
2672 503 1086 1174
2673 1193 469 1270
2674 248 936 1187
2675 457 1021 1277
2676 581 1244 1346
2677 1209 435 1276
2678 1046 444 1325
2679 192 1058 1204
2680 464 1089 1163
2681 1244 445 1346
2682 126 913 1300
2683 1020 499 1318
2684 1117 214 1154
2685 1008 364 1250
2686 1092 316 1178
2687 1039 455 1100
2688 558 1117 1154
2689 44 1098 1202
2690 916 557 1305
2691 447 1067 1224
2692 1053 485 1110
2693 242 937 1176
2694 1301 277 1334
2695 986 241 1340
2696 1032 447 1245
2697 474 1029 1347
2698 426 978 1222
2699 1077 423 1255
2700 406 1060 1163
2701 443 917 1288
2702 1174 475 1212
2703 645 1062 1234
2704 900 461 1241
2705 285 1191 1348
2706 285 991 1306
2707 1078 450 1317
2708 451 1120 1153
2709 309 1032 1245
2710 238 1088 1208
2711 456 1054 1216
2712 1002 431 1299
2713 1193 278 1271
2714 309 1130 1169
2715 258 1199 1212
2716 1199 503 1212
2717 239 1066 1327
2718 1095 326 1226
2719 1105 415 1235
2720 1108 280 1316
2721 423 1128 1255
2722 503 1174 1212
2723 1066 477 1327
2724 1047 367 1308
2725 472 1249 1292
2726 1096 449 1243
2727 404 929 1291
2728 1036 529 1329
2729 1180 629 1333
2730 526 1258 1327
2731 1142 248 1187
2732 240 1078 1317
2733 1092 429 1221
2734 469 1193 1271
2735 1181 465 1228
2736 1067 267 1224
2737 1059 607 1307
2738 1134 434 1273
2739 279 1046 1325
2740 516 1108 1316
2741 520 1193 1270
2742 499 1255 1318
2743 1090 288 1267
2744 1054 187 1216
2745 1248 470 1339
2746 1135 270 1270
2747 1020 201 1314
2748 1085 275 1315
2749 1098 535 1202
2750 1081 424 1275
2751 1257 188 1305
2752 499 1077 1255
2753 502 1095 1226
2754 183 1037 1332
2755 1135 469 1301
2756 1256 240 1317
2757 1149 489 1342
2758 488 1085 1315
2759 1249 585 1292
2760 1110 485 1291
2761 576 1248 1339
2762 557 1257 1305
2763 552 1256 1317
2764 122 34 13
2765 25 26 481
$EndElements
